USE wildberries;

# TABLE 1 STRUCTURE FOR: rus_cities

INSERT INTO `rus_cities` (`name`) VALUES ('Москва'), ('Санкт-Петербург'), ('Новосибирск'), ('Екатеринбург'), ('Казань'), ('Нижний Новгород'), ( 'Челябинск'), ( 'Самара'), ( 'Омск'), ( 'Ростов-на-Дону'), ('Уфа'), ('Красноярск'), ( 'Воронеж'), ('Пермь'), ('Волгоград');

# TABLE 2 STRUCTURE FOR: genders

INSERT INTO `genders` (`name`) VALUES ('жен'), ('муж');

# TABLE 3 STRUCTURE FOR: sizes

INSERT INTO `sizes` (`value`) VALUES ('XXS'), ('XS'), ( 'S'), ('M'), ( 'L'), ( 'XL'), ('XXL'), ( 'XXXL'), ('маленький'), ('средний'), ('большой'), ( '37'), ( '38'), ( '39'), ( '35'), ( '36'), ( '40'), ('41'), ('42'), ('43');

# TABLE 4 STRUCTURE FOR: user_figure_parameters

INSERT INTO `user_figure_parameters` (`id`, `bust`, `waist`, `hips`, `weight`, `height`, `clothing_size_id`, `foot_length`, `foot_size`) 
VALUES 
('1', '113', '61', '145', '122', '199', '1', '26', '1'),
('2', '86', '71', '139', '83', '163', '2', '22', '2'),
('3', '83', '83', '127', '74', '153', '3', '23', '3'),
('4', '115', '74', '88', '130', '178', '4', '24', '4'),
('5', '115', '65', '85', '115', '200', '5', '21', '5'),
('6', '109', '73', '99', '96', '210', '6', '24', '6'),
('7', '100', '73', '89', '91', '157', '7', '24', '7'),
('8', '119', '72', '84', '63', '154', '8', '24', '8'),
('9', '83', '65', '97', '91', '199', '9', '24', '9'),
('10', '106', '83', '97', '88', '208', '10', '21', '10'),
('11', '128', '68', '104', '58', '178', '11', '23', '11'),
('12', '111', '73', '110', '110', '182', '12', '26', '12'),
('13', '113', '64', '93', '77', '187', '13', '21', '13'),
('14', '101', '71', '142', '115', '203', '14', '26', '14'),
('15', '121', '88', '87', '114', '202', '15', '23', '15'),
('16', '99', '79', '132', '120', '209', '16', '25', '16'),
('17', '110', '66', '92', '91', '154', '17', '26', '17'),
('18', '111', '77', '129', '50', '154', '18', '24', '18'),
('19', '101', '79', '150', '90', '203', '19', '25', '19'),
('20', '120', '78', '127', '82', '165', '20', '27', '20'),
('21', '113', '64', '91', '111', '209', '1', '25', '1'),
('22', '126', '81', '114', '84', '192', '2', '21', '2'),
('23', '93', '75', '133', '53', '167', '3', '22', '3'),
('24', '98', '72', '124', '106', '189', '4', '27', '4'),
('25', '111', '63', '147', '126', '180', '5', '26', '5'),
('26', '83', '61', '101', '78', '180', '6', '21', '6'),
('27', '109', '72', '118', '119', '170', '7', '21', '7'),
('28', '90', '70', '117', '102', '150', '8', '25', '8'),
('29', '91', '90', '102', '93', '198', '9', '26', '9'),
('30', '111', '69', '82', '65', '150', '10', '23', '10'),
('31', '123', '69', '116', '88', '203', '11', '24', '11'),
('32', '101', '62', '104', '88', '177', '12', '27', '12'),
('33', '99', '90', '120', '79', '188', '13', '24', '13'),
('34', '115', '64', '84', '114', '196', '14', '23', '14'),
('35', '113', '82', '116', '101', '185', '15', '25', '15'),
('36', '111', '67', '105', '126', '199', '16', '22', '16'),
('37', '121', '77', '132', '72', '157', '17', '21', '17'),
('38', '107', '85', '96', '86', '186', '18', '23', '18'),
('39', '85', '76', '148', '97', '172', '19', '24', '19'),
('40', '123', '90', '122', '73', '197', '20', '25', '20'),
('41', '127', '86', '93', '99', '175', '1', '22', '1'),
('42', '112', '76', '97', '101', '165', '2', '24', '2'),
('43', '97', '61', '107', '104', '187', '3', '22', '3'),
('44', '92', '60', '121', '130', '164', '4', '22', '4'),
('45', '113', '81', '107', '101', '210', '5', '26', '5'),
('46', '111', '83', '135', '66', '205', '6', '22', '6'),
('47', '105', '60', '94', '102', '190', '7', '24', '7'),
('48', '115', '72', '134', '79', '154', '8', '21', '8'),
('49', '107', '75', '80', '84', '150', '9', '25', '9'),
('50', '125', '83', '95', '94', '154', '10', '21', '10'),
('51', '92', '89', '107', '110', '195', '11', '27', '11'),
('52', '84', '83', '146', '81', '194', '12', '22', '12'),
('53', '118', '90', '100', '80', '184', '13', '22', '13'),
('54', '117', '85', '95', '87', '191', '14', '21', '14'),
('55', '91', '82', '97', '114', '202', '15', '23', '15'),
('56', '124', '61', '103', '60', '183', '16', '24', '16'),
('57', '101', '71', '147', '121', '170', '17', '26', '17'),
('58', '130', '60', '80', '66', '210', '18', '27', '18'),
('59', '88', '68', '131', '61', '167', '19', '26', '19'),
('60', '95', '82', '138', '123', '151', '20', '22', '20'),
('61', '130', '90', '93', '86', '166', '1', '22', '1'),
('62', '115', '65', '123', '93', '152', '2', '21', '2'),
('63', '102', '72', '84', '65', '210', '3', '22', '3'),
('64', '119', '81', '134', '68', '191', '4', '22', '4'),
('65', '120', '72', '83', '82', '152', '5', '21', '5'),
('66', '107', '68', '97', '108', '150', '6', '25', '6'),
('67', '91', '67', '132', '124', '153', '7', '22', '7'),
('68', '119', '66', '102', '66', '158', '8', '21', '8'),
('69', '94', '82', '149', '108', '159', '9', '27', '9'),
('70', '121', '73', '109', '80', '184', '10', '26', '10'),
('71', '96', '88', '121', '115', '155', '11', '22', '11'),
('72', '105', '88', '128', '63', '150', '12', '26', '12'),
('73', '122', '60', '146', '72', '169', '13', '27', '13'),
('74', '110', '72', '111', '91', '203', '14', '26', '14'),
('75', '116', '70', '134', '70', '185', '15', '22', '15'),
('76', '117', '75', '141', '116', '184', '16', '27', '16'),
('77', '101', '68', '97', '66', '169', '17', '27', '17'),
('78', '107', '74', '143', '94', '184', '18', '26', '18'),
('79', '121', '89', '105', '123', '204', '19', '27', '19'),
('80', '121', '64', '98', '55', '153', '20', '23', '20'),
('81', '128', '89', '105', '102', '192', '1', '24', '1'),
('82', '117', '66', '86', '91', '194', '2', '22', '2'),
('83', '121', '80', '106', '58', '154', '3', '24', '3'),
('84', '110', '66', '122', '58', '157', '4', '26', '4'),
('85', '110', '81', '91', '112', '166', '5', '27', '5'),
('86', '106', '75', '141', '77', '168', '6', '22', '6'),
('87', '81', '75', '99', '130', '191', '7', '25', '7'),
('88', '117', '78', '121', '78', '192', '8', '21', '8'),
('89', '106', '71', '134', '74', '202', '9', '26', '9'),
('90', '123', '61', '150', '61', '179', '10', '22', '10'),
('91', '118', '68', '114', '73', '193', '11', '26', '11'),
('92', '126', '78', '132', '81', '155', '12', '21', '12'),
('93', '130', '66', '107', '106', '169', '13', '21', '13'),
('94', '126', '68', '124', '89', '163', '14', '27', '14'),
('95', '85', '72', '112', '82', '180', '15', '24', '15'),
('96', '120', '81', '108', '78', '199', '16', '27', '16'),
('97', '124', '85', '86', '118', '157', '17', '21', '17'),
('98', '102', '65', '90', '51', '162', '18', '22', '18'),
('99', '127', '73', '126', '89', '203', '19', '27', '19'),
('100', '95', '81', '82', '113', '160', '20', '26', '20');

# TABLE 5 STRUCTURE FOR: users

INSERT INTO `users` (`id`, `firstname`, `lastname`, `gender_id`, `figure_parameters_id`, `birthday`, `number_phone`, `email`, `hash_password`, `reg_date`) 
VALUES 
('101', 'Lavern', 'Becker', '1', '1', '2004-09-09', '839', 'orrin15@example.net', '6c9fae6ef653a6c2d72d5fe146b609190108a876', '2002-04-13 16:55:59'),
('102', 'Sigrid', 'Hudson', '2', '2', '1996-05-17', '1', 'elvie.lebsack@example.com', '58b8e376dec07d227f1f4263ad7254e203f37fa6', '2020-04-13 16:10:49'),
('103', 'Nettie', 'Kuhic', '1', '3', '1994-08-24', '0', 'zbernhard@example.net', 'c71022a96cb89065eec4f388f0b518c46795a0e1', '2003-02-28 23:38:22'),
('104', 'Ardith', 'Walker', '2', '4', '1988-07-26', '465', 'leanna.kautzer@example.org', 'dfb923d7a10cecc8f6f8b72f9a17fdae3dd4dae7', '2012-06-07 06:52:06'),
('106', 'Jovany', 'Osinski', '2', '6', '2019-01-16', '10', 'collins.travis@example.net', '5c5bd177b14ece993ef558a503b980a4c418ce38', '2008-04-28 11:22:28'),
('111', 'Cleta', 'Turcotte', '1', '11', '2012-02-27', '41650', 'lilian64@example.com', '2fd1f9fbed81287902ecdfc4c7f58e27883b3846', '1991-11-28 05:28:24'),
('112', 'Bell', 'Kuphal', '2', '12', '1978-10-18', '3', 'jstiedemann@example.net', '080067f197ea2ebae92960f9608cf11e74e65ba9', '1987-11-07 07:16:18'),
('114', 'Virgie', 'Wiegand', '2', '14', '2012-08-03', '549708', 'cwelch@example.net', '78b2bf59452a6f35303cfc4ab1f33a6636f5ec10', '1988-05-30 16:56:55'),
('115', 'Gage', 'Mitchell', '1', '15', '1971-01-25', '634710', 'bonita29@example.org', '6713964818d62c1383538ca07b29caa28bf7d560', '1972-04-15 19:28:14'),
('116', 'Kaitlin', 'Gaylord', '2', '16', '1996-04-27', '980380', 'wspencer@example.net', 'd84964fb83d319fd69ca6a2207f33540e3fadfd2', '1984-12-23 00:07:04'),
('117', 'Lisa', 'Ferry', '1', '17', '2007-01-04', '646538', 'kbashirian@example.com', '68ac126dba8c4bf2858a02d443ccca1733ecb94c', '1993-12-07 02:55:23'),
('118', 'Elvis', 'Beier', '2', '18', '1976-10-24', '375', 'rrath@example.org', '46547081076aca4ba5bcf048b7020e578a4fa4b0', '1972-07-04 17:43:24'),
('120', 'Devonte', 'Macejkovic', '2', '20', '1990-10-15', '26570', 'conner14@example.com', '396fe2fd6d0abc3283461b12381f2ecd7344438c', '1985-06-17 14:08:35'),
('121', 'Coty', 'Schumm', '1', '21', '2020-01-23', '85', 'hartmann.cecile@example.net', '57f265d2a580581576756764ef45d6b3f31f119d', '1977-10-28 01:18:57'),
('122', 'Oliver', 'Little', '2', '22', '2007-03-13', '953', 'doug.lueilwitz@example.net', '2a64d8af37752e505015614c7467d02cfe333ba8', '1977-07-27 17:18:38'),
('124', 'Justine', 'Schultz', '2', '24', '2016-10-07', '395', 'jennie05@example.net', 'aec3c6ac431e0d81986cbd73a65289f0159b4a37', '1987-05-02 17:24:33'),
('133', 'Julius', 'Marvin', '1', '33', '1997-08-22', '626757', 'dkuhn@example.com', 'b36f1346236a38cd05bbb3613d4e785a89e0cdd3', '1979-09-16 14:57:28'),
('135', 'Eloy', 'Emard', '1', '35', '1977-08-22', '894236', 'jfunk@example.net', '192c871ee56d50ca621aad4a511b106ccb998963', '1980-11-21 11:05:39'),
('136', 'Michaela', 'Cassin', '2', '36', '1972-06-30', '881470', 'mckenzie.jovani@example.org', '67038b3f81b3e4013469c96c7fb5e432f41328f0', '2006-11-07 07:26:47'),
('139', 'Nannie', 'Sauer', '1', '39', '2017-01-13', '360315', 'zoie.schroeder@example.org', '90afe27e776441831f296aecdb59030593ecb98d', '2011-02-24 16:49:32'),
('141', 'Jena', 'Cremin', '1', '41', '1976-06-14', '49', 'jmaggio@example.org', '90cb23126052dd5600b42e8638ce7b0a5ff7ed98', '2007-12-15 22:04:34'),
('142', 'Constance', 'Christiansen', '2', '42', '1997-06-15', '41', 'xhilpert@example.com', '3ae9adead4f93f6454f443fa5fd6af7bb57a37cb', '1975-05-12 10:39:42'),
('143', 'Patrick', 'McLaughlin', '1', '43', '1999-07-25', '981050', 'gaston49@example.net', '7d584e88706379f2f0bea6cff52c295843e7b3e6', '1974-09-14 12:57:16'),
('144', 'Troy', 'Williamson', '2', '44', '2010-04-26', '94', 'vallie98@example.net', 'e23c7b55b0fe4af52c8d7d796f38fec913b9cd77', '1989-10-07 20:15:15'),
('147', 'Abdiel', 'Koepp', '1', '47', '1980-02-04', '805', 'consuelo02@example.net', '6c9a6cd6ea592d37608c401282149396c5f51bd1', '1975-10-01 18:32:29'),
('148', 'Jayda', 'Krajcik', '2', '48', '2011-01-26', '60', 'alessia.haley@example.org', '0556f18659d2c3e03a29763be1734fcacd35498d', '1984-10-23 01:14:50'),
('150', 'Candace', 'Beahan', '2', '50', '1996-09-19', '664', 'allie.howe@example.org', '3742648f654b257beb0bfd2e35baa1fbd72aaf44', '2015-03-27 10:10:31'),
('151', 'Maryjane', 'Durgan', '1', '51', '2009-03-06', '4142650101', 'pacocha.finn@example.org', '67addd13db23858fb58f7ba039a0e45277c67a70', '1970-11-12 04:17:12'),
('152', 'Mellie', 'Lowe', '2', '52', '1990-09-10', '116176', 'halie41@example.net', '0bdabbb0081f6acb79195e756804094ab042be9a', '1999-07-10 11:25:57'),
('153', 'Selmer', 'Bradtke', '1', '53', '2005-09-30', '386308', 'bogan.finn@example.com', 'a1374500fb12adb69ed3251d8272cfb1f89df02e', '2003-10-05 21:46:13'),
('154', 'Maximilian', 'Aufderhar', '2', '54', '1982-06-05', '674', 'jamie.walsh@example.com', '6cef35a1c329b344b32e18367394f7911bcabd9b', '2019-02-21 22:30:51'),
('155', 'Florence', 'Lemke', '1', '55', '1992-03-10', '28602482', 'brakus.agustina@example.com', '45d0d59bbe06178a5eb785449fa2ed81058105fd', '2018-03-20 21:47:46'),
('157', 'Salvador', 'Koelpin', '1', '57', '1980-08-16', '707475', 'lance10@example.net', '65ef8eb96afe5680e90dc68042b57ec90e49064b', '1996-08-12 10:45:54'),
('159', 'Sarina', 'Heller', '1', '59', '2000-07-28', '352', 'bud.leuschke@example.com', '27a1c45e3ffed3d111c5340654942c246726cfe5', '2013-04-08 16:22:46'),
('162', 'Jarred', 'Grant', '2', '62', '2005-04-09', '31', 'lakin.rhett@example.net', '7a385ce992182ca5db1bf98af4728cfad4a220a9', '1988-09-15 00:39:32'),
('163', 'Alvina', 'Feil', '1', '63', '2007-08-03', '543871', 'hahn.evalyn@example.net', '83f083b90d7486e939d0cfac3ffaef7f92860d15', '1989-10-10 09:27:48'),
('164', 'Jaqueline', 'Lueilwitz', '2', '64', '1985-07-14', '232', 'javier95@example.net', '6406d4b4498ded1db259587e9f2daf062af054d9', '2007-12-23 00:55:11'),
('165', 'Louie', 'Gerhold', '1', '65', '1973-08-09', '278780', 'ortiz.leilani@example.org', 'fcdf548efc53281b293030f00927e619c2b14422', '2021-01-02 12:16:33'),
('167', 'Burdette', 'Pfeffer', '1', '67', '2018-08-14', '107', 'else.abbott@example.org', '9ba292dcfea907cac8bfef1bcab859633846b40b', '1993-12-03 09:47:43'),
('169', 'Gladyce', 'Hackett', '1', '69', '1989-09-10', '458', 'hnienow@example.net', 'dc94138c06c9514d952c5f2117521f4c4e32f628', '1986-11-17 09:23:04'),
('171', 'Sarah', 'Jakubowski', '1', '71', '1988-03-21', '87804', 'koelpin.keven@example.net', '87512a684246c48deee4c401fe9b8a94c083907d', '2000-10-16 22:49:40'),
('172', 'Nathaniel', 'Veum', '2', '72', '1989-03-01', '560', 'walker.jaime@example.org', 'cc7dcfba32b74506697225c343eb4aacef400609', '1994-01-24 07:00:52'),
('174', 'Torrey', 'Wolf', '2', '74', '1974-04-15', '38', 'gemmerich@example.com', '297908615d6c1fcb41b8e48ef0ecafd66025a393', '1985-12-24 15:11:39'),
('176', 'Camilla', 'Schimmel', '2', '76', '1970-06-08', '827', 'yritchie@example.org', 'cbd016bb798bdeeecec223abc68c3cbc91ed9b5e', '2006-03-03 03:24:31'),
('182', 'Wanda', 'Schmeler', '2', '82', '1995-06-22', '789', 'dicki.nichole@example.com', '40e67456d32dff96106e84f6866a545c47c28f2c', '2015-10-20 06:56:26'),
('184', 'Tyshawn', 'Hoeger', '2', '84', '2016-01-04', '870', 'schamberger.curtis@example.net', 'da30354c3b2f7081af1d1903a54d0932b26032c9', '2013-04-03 14:00:55'),
('185', 'Katlyn', 'Hoeger', '1', '85', '2005-02-01', '674336', 'schmidt.jodie@example.com', '9da60b39e3be5da4db6324aa4cafd09177533ffe', '1999-11-22 07:36:36'),
('186', 'Prince', 'Leannon', '2', '86', '1972-07-10', '709237', 'dtillman@example.org', '697aec90c33c110cd817d6df4b5f92f9be886bb6', '2017-02-15 04:04:40'),
('187', 'Jasmin', 'McKenzie', '1', '87', '1987-09-19', '752148', 'libby80@example.net', '62cb9234f095a031c392a950f88b852eb706e7f2', '1985-06-30 11:31:04'),
('191', 'Bonnie', 'Durgan', '1', '91', '1977-10-11', '391', 'woconner@example.org', '170dcc4c0544a7e6bcd50e6e1f12bbc6a7f4855f', '1985-11-02 17:52:58'),
('193', 'Ray', 'Herman', '1', '93', '1973-06-29', '538', 'gward@example.org', 'e68cb2e757c85a905427e0a17b57dd565783db2b', '2005-01-11 09:53:22'),
('194', 'Adriel', 'Satterfield', '2', '94', '2016-11-06', '556112', 'monahan.aric@example.net', '61c60c214911825c63944e86c62fecc0e8b86376', '2005-03-23 01:37:15'),
('198', 'Maribel', 'Sipes', '2', '98', '1988-09-30', '615605', 'theodora.hickle@example.com', '9c86fc2d07f7dfb2842b51c33c3d07d3bcc56678', '1982-02-28 05:30:24');

# TABLE 6 STRUCTURE FOR: brands

INSERT INTO `brands` (`name`) VALUES ('Adidas'), ('ASUS'), ('Nike'), ('Баба Зина'), ('Acer'), ('MSI'), ('Клава'), ('Супер бренд');

# TABLE 7 STRUCTURE FOR: colors

INSERT INTO `colors` (`name`) VALUES ('черный'), ('белый'), ('зеленый'), ('желтый'), ('розовый'), ('серый'), ( 'коричневый'), ('голубой'), ( 'бежевый'), ('синий'), ('фиолетовый'), ( 'оранжевый');

# TABLE 8 STRUCTURE FOR: materials

INSERT INTO `materials` (`name`) VALUES ('Хлопок'), ('Эластин'), ('Пластмасса'), ('Резина'), ( 'Вельвет'), ('Алюминий'), ('Медь'), ('Акрил'), ('Шелк'), ( 'Титан'), ('Дерево'), ('Плюшевая');

# TABLE 9 STRUCTURE FOR: products_materials

INSERT INTO `products_materials` (`id`, `value_1`, `value_2`, `value_3`, `value_4`) 
VALUES 
('1', '6', '8', '7', '8'),
('2', '10', '7', '2', '1'),
('3', '8', '10', '5', '11'),
('4', '6', '9', '12', '2'),
('5', '5', '1', '11', '12'),
('6', '12', '1', '8', '7'),
('7', '11', '2', '8', '9'),
('8', '9', '11', '2', '6'),
('9', '5', '7', '4', '8'),
('10', '9', '8', '4', '10'),
('11', '8', '4', '10', '7'),
('12', '1', '3', '6', '7'),
('13', '6', '3', '6', '8'),
('14', '7', '5', '4', '8'),
('15', '5', '2', '9', '2'),
('16', '3', '2', '5', '6'),
('17', '6', '2', '9', '9'),
('18', '11', '3', '2', '8'),
('19', '4', '10', '10', '10'),
('20', '3', '10', '8', '10'),
('21', '3', '10', '6', '3'),
('22', '12', '6', '2', '9'),
('23', '5', '11', '4', '1'),
('24', '7', '9', '10', '4'),
('25', '12', '12', '10', '8'),
('26', '6', '8', '5', '3'),
('27', '3', '7', '9', '9'),
('28', '7', '2', '9', '3'),
('29', '4', '4', '4', '3'),
('30', '8', '6', '8', '7'),
('31', '5', '10', '2', '6'),
('32', '9', '4', '2', '12'),
('33', '11', '9', '8', '5'),
('34', '2', '7', '3', '11'),
('35', '2', '8', '4', '2'),
('36', '2', '7', '6', '3'),
('37', '4', '6', '5', '4'),
('38', '8', '8', '10', '9'),
('39', '11', '1', '9', '4'),
('40', '11', '1', '8', '12');

# TABLE 10 STRUCTURE FOR: catalog_types

INSERT INTO `catalog_types` (`name`) VALUES ('Одежда'), ('Обувь'), ('Игрушки'), ('Сад'), ('Дом'), ('Авто товары'), ('Электроника');

# TABLE 11 STRUCTURE FOR: catalogs

INSERT INTO `catalogs` (`id`, `catalog_type_id`, `name`) 
VALUES 
('1', '1', 'Принтеры'),
('2', '2', 'Шорты'),
('3', '3', 'Туфли'),
('4', '4', 'Музыкальные'),
('5', '5', 'Носки'),
('6', '6', 'Инструменты'),
('7', '7', 'Авто запчасти'),
('8', '1', 'Гарнитура и наушники'),
('9', '2', 'Для песочницы'),
('10', '3', 'Развивающие'),
('11', '4', 'Антистресс'),
('12', '5', 'Сапоги'),
('13', '6', 'Кроссовки'),
('14', '7', 'Футболка'),
('15', '1', 'Платья'),
('16', '2', 'Рубашки'),
('17', '3', 'Брюки'),
('18', '4', 'Шлепки'),
('19', '5', 'Спальня'),
('20', '6', 'Колготки'),
('21', '7', 'Для ванной'),
('22', '1', 'Телефоны'),
('23', '2', 'Компьютеры и ноутбуки'),
('24', '3', 'Юбки'),
('25', '4', 'Удобрения'),
('26', '5', 'Ванная'),
('27', '6', 'Конструктор'),
('28', '7', 'Аварийные принадлежности'),
('29', '1', 'Кухня'),
('30', '2', 'Радиоуправляемые'),
('31', '3', 'Слиппоны'),
('32', '4', 'Ботинки');

# TABLE 12 STRUCTURE FOR: product_types

INSERT INTO `product_types` (`id`, `catalog_id`, `name`) 
VALUES 
('1', '1', 'Праздничные'),
('2', '2', 'Оперативная память'),
('3', '3', 'Наушники с микрофоном'),
('4', '4', 'Ноутбук'),
('5', '5', 'Бокалы'),
('6', '6', 'Провода прикуривания'),
('7', '7', 'Зеркало'),
('8', '8', 'Пляжные'),
('9', '9', 'Кнопочный'),
('10', '10', 'Машинки'),
('11', '11', 'Сенсорный'),
('12', '12', 'Клавиатура'),
('13', '13', 'Грабли'),
('14', '14', 'Мыло'),
('15', '15', 'Мебель'),
('16', '16', 'Коврики'),
('17', '17', 'Летние'),
('18', '18', 'Лопаты'),
('19', '19', 'Вилки'),
('20', '20', 'Сайленблоки'),
('21', '21', 'Зимние'),
('22', '22', 'Микрофон'),
('23', '23', 'Матрасы'),
('24', '24', 'Постельное белье'),
('25', '25', 'Жилет светоотражающий'),
('26', '26', 'Кукла'),
('27', '27', 'Наушники'),
('28', '28', 'Спортивные'),
('29', '29', 'Весна-осень'),
('30', '30', 'Повседневные'),
('31', '31', 'Фары'),
('32', '32', 'Моноблоки'),
('33', '1', 'Мышь компьютерная'),
('34', '2', 'Дворники'),
('35', '3', 'Обезьянка'),
('36', '4', 'Кувшины'),
('37', '5', 'Аксессуары');

# TABLE 13 STRUCTURE FOR: discounts

INSERT INTO `discounts` (`id`, `name`, `value`, `started_at`, `finished_at`, `created_at`, `updated_at`) 
VALUES 
('1', 'odio', '0.8', '1995-04-07 20:53:36', '1983-04-03 07:50:45', '2002-09-18 09:47:20', '1977-06-08 00:16:40'),
('2', 'nihil', '0.2', '2003-09-01 12:29:12', '2019-01-21 02:12:58', '2005-01-24 00:38:31', '1991-01-11 04:38:54'),
('3', 'cum', '0.9', '1983-04-09 01:19:56', '1996-06-13 20:43:00', '2008-11-30 19:44:17', '1988-01-19 22:44:26'),
('4', 'in', '0.4', '2020-10-08 10:46:34', '2016-09-12 04:36:05', '2019-01-05 09:40:41', '1970-01-14 08:44:38'),
('5', 'dicta', '0.8', '1982-12-30 06:44:16', '2005-05-30 01:13:43', '2017-02-04 18:40:11', '2013-10-01 22:45:06'),
('6', 'eveniet', '0.2', '1975-02-08 23:47:05', '1984-09-08 16:19:18', '1977-02-01 21:49:47', '2018-08-27 19:28:51'),
('7', 'voluptatem', '0.4', '1984-09-24 00:08:06', '2002-04-16 10:56:54', '1974-08-05 19:10:11', '2019-07-28 07:13:34'),
('8', 'perspiciatis', '0.01', '2002-08-30 10:58:44', '1987-01-24 18:48:46', '2005-09-23 02:47:55', '2016-02-16 09:45:06'),
('9', 'aliquam', '0.05', '1973-10-18 19:03:21', '2006-06-09 00:03:06', '2006-08-28 20:04:45', '1982-09-19 00:39:42'),
('10', 'iusto', '0.9', '1981-09-16 08:07:03', '2005-10-20 20:51:05', '1970-10-04 15:58:19', '1978-05-25 16:55:06'),
('11', 'quo', '0.7', '1988-11-06 13:37:37', '2005-12-17 14:58:44', '1989-10-16 22:04:11', '1997-05-24 05:45:45'),
('12', 'expedita', '0.8', '2008-02-13 09:29:45', '2009-11-04 19:18:46', '1991-01-11 02:18:04', '1990-12-21 04:52:41'),
('13', 'sint', '0.1', '2011-06-17 20:44:46', '2017-01-08 18:41:58', '2017-04-18 13:07:41', '1995-12-10 17:41:18'),
('14', 'voluptas', '0.9', '1970-11-13 22:43:49', '1979-01-06 15:13:25', '1975-08-09 12:50:55', '2010-11-26 12:07:37'),
('15', 'et', '0.3', '2000-12-08 11:45:05', '2006-11-01 09:32:02', '1980-09-28 05:08:19', '1993-12-25 04:09:28'),
('16', 'optio', '0.2', '1994-08-01 02:12:44', '2005-05-25 10:09:01', '2001-02-24 21:25:03', '1980-10-26 07:09:42'),
('17', 'earum', '0.6', '2009-05-29 16:40:46', '2005-09-19 09:36:09', '2010-08-06 12:30:26', '1995-02-19 11:24:57'),
('18', 'facere', '0.01', '2002-06-20 02:57:09', '2012-01-07 11:06:59', '1971-07-05 21:25:40', '1992-04-11 15:51:26'),
('19', 'id', '0.03', '1992-09-11 08:22:18', '1971-09-29 09:04:58', '1997-04-17 06:46:33', '1991-03-09 19:35:51'),
('20', 'quo', '0.1', '2007-09-01 06:12:55', '1998-12-06 07:48:33', '1984-09-26 07:37:07', '2000-11-29 02:30:24'),
('21', 'repellat', '0.35', '1999-06-19 14:24:54', '2012-06-16 15:08:06', '1975-03-26 03:58:37', '2019-03-27 16:41:30'),
('22', 'itaque', '0.75', '2006-08-24 13:53:10', '1997-07-07 12:47:46', '1972-09-18 06:49:52', '1971-11-07 04:06:47'),
('23', 'accusantium', '0.45', '1975-06-11 19:13:43', '2000-08-24 01:56:45', '2010-05-18 16:36:31', '2012-02-10 05:43:14'),
('24', 'eos', '0.15', '2018-04-08 17:34:30', '2014-05-20 08:14:43', '2004-08-08 00:23:40', '1988-08-26 10:07:06'),
('25', 'voluptates', '0.1', '1979-03-02 22:13:41', '2008-08-15 00:03:08', '1989-04-01 09:37:20', '2009-10-18 06:10:08'),
('26', 'animi', '0.2', '2002-04-08 18:48:54', '1973-11-20 12:54:26', '1984-02-24 15:38:40', '2009-04-01 14:39:16'),
('27', 'velit', '0.3', '1980-06-09 09:15:08', '1984-12-24 10:29:45', '2015-11-09 17:41:08', '2011-12-21 00:12:46'),
('28', 'saepe', '0.05', '1972-06-29 13:57:25', '2016-12-13 16:16:32', '2016-08-06 16:38:27', '2011-12-27 22:11:24'),
('29', 'corporis', '0.1', '2002-09-03 15:30:04', '2017-10-26 15:50:13', '1993-05-30 08:11:28', '2017-04-06 10:56:00'),
('30', 'laudantium', '0.03', '2012-08-23 05:35:40', '1970-05-13 15:34:03', '2001-07-19 04:09:34', '2013-03-25 15:27:33');

# TABLE 14 STRUCTURE FOR: products

INSERT INTO `products` (`id`, `name`, `text`, `product_type_id`, `gender_id`, `brand_id`, `color_id`, `product_materials_id`, `size_id`, `price`, `discount_id`) 
VALUES 
('1', 'aspernatur', 'Vero labore non est tenetur. Ullam fugit ut iure deserunt aut omnis. Et quia inventore dicta sit fugit consequatur. Nam dolor vitae est dicta et magni facilis.', '27', '1', '3', '8', '30', '1', '19803.00', '12'),
('2', 'est', 'Eum qui optio minima distinctio voluptatem. Cumque eum consequuntur vel ab nam debitis beatae.', '16', '1', '4', '7', '14', '15', '10394.34', '24'),
('3', 'quasi', 'Ut qui in aut autem porro quo. Adipisci inventore velit ea voluptate placeat tempore. Porro eos omnis qui qui eum sequi magni.', '32', '1', '2', '2', '21', '9', '7664.14', '28'),
('4', 'quidem', 'Nulla et sit sed voluptas consequatur fugit voluptas. Neque dignissimos aut veniam magnam ducimus qui.', '12', '2', '8', '9', '29', '19', '2870.77', '15'),
('5', 'odio', 'Sed excepturi exercitationem voluptatem vitae dolores deleniti quaerat consequatur. Fugiat cum aut aut quia sit.', '11', '2', '7', '2', '22', '5', '19935.90', '5'),
('6', 'nulla', 'Dignissimos et excepturi repellat rem odio cum deleniti. Aut accusamus dignissimos nihil reiciendis natus quae. Qui illum perferendis consequatur. Ut molestias ratione iste ullam quia quas.', '27', '1', '3', '11', '4', '12', '9822.00', '6'),
('7', 'consequatur', 'Unde perferendis repellendus eum qui sequi dolorum necessitatibus. Officiis beatae quis aut debitis. Id optio sunt ex ut deserunt sint dolorem. Expedita excepturi modi sed est et et.', '27', '2', '7', '2', '30', '5', '868.00', '2'),
('8', 'aut', 'Tenetur maiores itaque aperiam cum maxime. Minus non unde temporibus tempore minima nemo.', '18', '1', '6', '4', '28', '6', '4301.93', '19'),
('9', 'repellat', 'Minus est sit nemo. Molestiae sed vero porro sunt sed et fugiat. Ut reprehenderit necessitatibus aut natus.', '17', '1', '2', '7', '32', '19', '14883.35', '20'),
('10', 'nobis', 'Aut nesciunt magnam et tempore. Nisi vel saepe ab. Sed quo aut consequatur nobis. Nihil iure atque rerum facere nulla molestias rerum.', '4', '1', '5', '12', '5', '19', '16112.10', '12'),
('11', 'et', 'Et enim enim non iusto mollitia quia voluptatum. Magni voluptates similique consequuntur quidem ullam minima et. Accusamus repellendus hic vitae. Magni velit enim sint illum et.', '26', '2', '3', '7', '16', '7', '17807.84', '1'),
('12', 'et', 'Earum inventore modi error debitis pariatur quas. Et sit ut officia laboriosam quis.\nDebitis incidunt doloribus repellat laboriosam. Qui natus facere facilis rerum in quia accusantium consequatur.', '14', '1', '6', '3', '32', '18', '1570.00', '17'),
('13', 'voluptates', 'Veniam rerum atque necessitatibus architecto et architecto. Veniam error culpa rerum ut. Odit esse eos repellat iure minus.', '19', '1', '4', '12', '30', '4', '14923.19', '22'),
('14', 'voluptas', 'Nobis pariatur impedit dolorem quia eum sapiente velit aperiam. Quis vitae sed quod aliquid odit cumque.', '30', '1', '6', '5', '29', '10', '433.00', '4'),
('15', 'soluta', 'Nobis omnis fuga dolorum pariatur. Consectetur consequuntur est impedit autem. Optio officia expedita aspernatur incidunt. Ipsum dolorem eveniet sit nisi cumque deleniti.', '5', '1', '4', '10', '10', '15', '19674.00', '29'),
('16', 'sed', 'Distinctio omnis modi ut exercitationem qui. Eius excepturi autem maiores a. Facere aperiam rerum rem enim. Voluptas possimus ut amet quia.', '36', '1', '3', '9', '6', '17', '607.78', '28'),
('17', 'nobis', 'Qui reiciendis aperiam maxime et aut. Facere aut numquam rem voluptas. Asperiores quia voluptas occaecati earum dicta earum et.', '19', '2', '3', '11', '2', '7', '15653.49', '27'),
('18', 'voluptas', 'Et placeat perspiciatis at et. Nam eaque aut nihil est magnam tempore.', '24', '1', '4', '5', '18', '12', '14935.52', '24'),
('19', 'voluptate', 'Deleniti est at illum tenetur voluptatem quod corporis est. Quasi voluptatem dolorem et voluptate sunt. Sint odit exercitationem assumenda nemo.', '11', '1', '3', '2', '27', '16', '5098.68', '24'),
('20', 'inventore', 'Consequatur nihil iste rerum aut facere. Assumenda blanditiis animi enim ut animi quae.', '3', '2', '3', '9', '8', '5', '4508.31', '12'),
('21', 'consectetur', 'Voluptatem et et quas non. Architecto suscipit et exercitationem sed. Cumque ea voluptatum quidem non sit consequatur consectetur.', '21', '2', '1', '6', '27', '6', '13768.16', '17'),
('22', 'impedit', 'Hic non quia repellat dolorem. Quia quis corporis nostrum iusto reprehenderit nam. Sit blanditiis quas ut quae eligendi voluptatem. Assumenda dolorum consectetur quia.', '4', '2', '7', '5', '26', '13', '18669.71', '22'),
('23', 'quia', 'Quisquam accusantium repudiandae illo porro ipsam modi. Iusto impedit dignissimos esse sed et sed facilis. Voluptatem repellat nihil nam perspiciatis sapiente culpa quas.', '29', '1', '7', '7', '31', '12', '12226.99', '14'),
('24', 'provident', 'Accusamus corporis nisi similique impedit in voluptatibus. Porro cupiditate esse quisquam reiciendis consectetur totam. Libero illo ut ipsa aliquid ut.', '2', '2', '1', '10', '37', '19', '6719.23', '28'),
('25', 'molestiae', 'Nobis labore molestiae sed. Officiis est velit nemo possimus. Est commodi eum quaerat quos quod laudantium.', '11', '2', '8', '11', '15', '16', '13735.90', '13'),
('26', 'non', 'Aut unde accusantium mollitia nam. Quis praesentium doloremque iusto qui voluptate. Enim voluptatibus ut reiciendis quos non.', '32', '1', '7', '5', '17', '14', '7637.28', '24'),
('27', 'eligendi', 'Explicabo ipsum repellendus sequi placeat quis. Sunt tempore nostrum aperiam a est molestiae nobis. Minima quas vitae dicta quaerat. Accusantium et sit architecto autem quibusdam.', '14', '1', '7', '10', '36', '2', '12685.00', '11'),
('28', 'in', 'Doloremque minima sed non ea qui voluptatem voluptas quam. Aut reiciendis at nemo enim. Odio corporis eligendi dolorem sint qui. Aperiam culpa eius nostrum soluta ipsa est qui ipsa.', '6', '1', '4', '5', '38', '9', '18006.31', '1'),
('29', 'nihil', 'Vitae iure at tenetur. Quis hic est maxime non impedit. Doloremque labore debitis accusantium aut qui temporibus fugiat in.', '19', '1', '4', '8', '30', '6', '10795.86', '27'),
('30', 'possimus', 'Et a perspiciatis impedit alias commodi quod libero. Optio fugit eos ea saepe velit non quaerat. Amet eum et blanditiis quo asperiores.', '14', '2', '3', '11', '32', '14', '272.52', '23'),
('31', 'quasi', 'Quod omnis saepe aspernatur rerum qui. Doloremque laborum tempora autem in iusto hic modi. Quos maiores quo commodi enim aut aut est aperiam.', '33', '1', '3', '7', '36', '17', '2970.57', '21'),
('32', 'est', 'Architecto eaque sed placeat similique et labore qui. Inventore laudantium aut inventore id dolorem qui aut et. Quia iste aut ut culpa et rerum aspernatur.', '29', '1', '8', '9', '10', '17', '5559.43', '7'),
('33', 'fugit', 'Tempora consequatur qui possimus molestiae eum. Praesentium corporis neque sit et. Ea similique odio molestiae. Dolorem aut autem consequatur error.', '10', '1', '2', '1', '29', '11', '17859.28', '7'),
('34', 'fugiat', 'Inventore adipisci consequuntur et cum. Qui rerum reiciendis iure at a sequi aut blanditiis. Voluptas consectetur velit vel.', '23', '2', '8', '11', '28', '1', '9191.33', '10'),
('35', 'temporibus', 'Esse exercitationem consequatur non voluptates consectetur omnis vel. Beatae distinctio pariatur voluptates ut sed in. Placeat officiis dolorem quam blanditiis.', '33', '1', '6', '4', '16', '20', '8172.73', '17'),
('36', 'molestiae', 'Dolorem repudiandae ut cupiditate consequatur rerum enim laborum. Et veritatis molestiae explicabo voluptate tempore pariatur omnis. Sapiente dolorem eveniet impedit magni aut et et.', '32', '1', '4', '8', '4', '18', '14035.05', '4'),
('37', 'voluptates', 'Incidunt quia nihil dolorem itaque. Autem id exercitationem in mollitia magni sint ex. Eligendi quia in eius in. Omnis incidunt est fuga similique aut aliquid.', '30', '1', '7', '9', '15', '7', '9938.32', '23'),
('38', 'voluptate', 'Laboriosam ipsa possimus quis. Quisquam officiis voluptatem et nobis. Doloribus et at ipsa et. Quia qui aut maiores qui ipsam quo in.', '16', '1', '4', '10', '12', '18', '4450.36', '13'),
('39', 'non', 'Exercitationem quia nobis voluptas beatae. Corrupti modi unde est rerum. Earum pariatur neque optio nesciunt voluptatem sint. Incidunt velit qui officiis est.', '29', '2', '8', '10', '34', '5', '17626.83', '17'),
('40', 'pariatur', 'Ea hic non et quas impedit qui voluptate. Labore quia dolor est a nobis minima. Quo voluptatem magni laudantium accusamus. Culpa minima est commodi odio alias natus.', '4', '1', '5', '12', '16', '14', '19176.48', '10'),
('41', 'commodi', 'Ratione ullam ut quibusdam autem aut nemo. Blanditiis perspiciatis tempore est dolorem fugit eius iure. Inventore assumenda sit nostrum ex cumque. Et et fugiat quo atque.', '31', '1', '4', '7', '28', '14', '9745.00', '27'),
('42', 'voluptatem', 'Omnis ut non non et. Vitae molestiae et aut quis ipsam dolorum. Et hic molestias numquam reprehenderit in aliquid.', '23', '2', '3', '4', '3', '2', '8512.36', '6'),
('43', 'exercitationem', 'Quia minus in et commodi laudantium ut. Vitae ducimus voluptate quia hic. Et ut est et quos. Ex et expedita sit velit.', '17', '1', '3', '9', '20', '1', '11308.52', '14'),
('44', 'autem', 'Esse aut non quod velit. Suscipit est reiciendis voluptas similique sint. Sed quibusdam eum tempora et doloremque nemo natus rem. Nobis sit quae est blanditiis. Voluptatum consequatur sed quasi sunt.', '17', '2', '6', '5', '20', '5', '11086.00', '9'),
('45', 'quo', 'Delectus voluptas voluptatem explicabo incidunt. Officiis dolorem provident autem amet placeat ut. Assumenda optio consequatur rem labore sed cumque a quis. Ex ea molestiae sint animi aut.', '6', '1', '5', '7', '35', '19', '14358.26', '6'),
('46', 'sunt', 'Quam nobis dolor ullam dignissimos nisi. Ipsam laboriosam itaque officiis odit omnis animi. Voluptatibus aut perferendis eos. Excepturi cumque tenetur dolorem fugit id ut eum.', '36', '2', '7', '5', '36', '13', '13611.77', '27'),
('47', 'sint', 'Aliquid eos sed fuga quia quo. Quaerat ipsa facilis minima esse dolores consequatur eum. Autem quis aliquid dolorum corrupti.', '8', '2', '1', '11', '20', '15', '8801.93', '19'),
('48', 'rerum', 'Aut quidem culpa quo sed. Voluptas incidunt deleniti sunt eum consequatur.\nCupiditate sequi temporibus iure velit. Mollitia harum recusandae qui ea quae cumque ut vero. Sint minus fugit est.', '2', '2', '7', '5', '4', '16', '11955.21', '18'),
('49', 'iste', 'Unde veniam aut ducimus impedit. Qui sunt dignissimos numquam ut qui eum. Fugit et distinctio eligendi quia sed. Dolore consectetur aut repellendus quasi odio eius.', '11', '1', '2', '11', '12', '16', '4756.63', '12'),
('50', 'perspiciatis', 'Non temporibus sequi dolorum adipisci et similique nemo quo. Debitis officiis at nisi tenetur. Qui molestiae et distinctio aspernatur magnam.', '17', '2', '5', '3', '7', '12', '12085.63', '16'),
('51', 'ad', 'Eius ex delectus commodi sunt. Cum numquam et sit placeat ipsum et aut. Autem nam consequatur officiis aut. Ut non fugit optio nam aut.', '30', '2', '5', '3', '15', '2', '9209.09', '12'),
('52', 'occaecati', 'Quia et quasi animi quo ut fugit dolor. Expedita exercitationem autem dolore in possimus voluptatem ut. Consectetur quo accusantium fugiat et et id.', '31', '2', '5', '4', '8', '12', '9269.60', '14'),
('53', 'iste', 'Cumque occaecati cumque nostrum et quia. Voluptatum blanditiis unde perferendis est consequatur consequatur dolores.', '17', '1', '3', '2', '25', '14', '7502.09', '22'),
('54', 'architecto', 'Numquam velit iure est praesentium et et. Et dicta dolore ex nostrum sunt. Omnis quaerat modi iusto sapiente explicabo est dolorum. Quidem esse neque ut illo sit.', '15', '2', '4', '10', '7', '8', '5269.48', '30'),
('55', 'et', 'Quo fuga quia ratione atque voluptate. Eos et pariatur cum quaerat. Doloribus aliquid expedita repudiandae porro nostrum provident quas laborum. Consequuntur eius neque a et vitae est in alias.', '28', '1', '2', '4', '29', '8', '10984.88', '26'),
('56', 'non', 'Voluptas quae consequatur adipisci quas accusantium illum. Debitis ut nihil exercitationem esse quam esse. Sit ut magni dolorem dolore asperiores ducimus reprehenderit doloremque.', '23', '2', '2', '6', '22', '20', '1632.09', '5'),
('57', 'perferendis', 'Minima velit mollitia aliquid sint. Sint explicabo quia sint veniam. Sit repellat quisquam excepturi adipisci molestiae.', '4', '2', '2', '7', '26', '5', '1052.28', '22'),
('58', 'exercitationem', 'Omnis dicta ullam suscipit non ratione animi. Harum rerum nihil velit laudantium.', '9', '2', '2', '4', '28', '15', '6605.20', '16'),
('59', 'omnis', 'Molestiae et commodi soluta esse vitae repellendus. Ut at ex odio aliquid fugit ipsum nam. Exercitationem id neque et quo et. Occaecati aspernatur voluptate nulla similique.', '13', '2', '5', '8', '4', '7', '14394.00', '2'),
('60', 'suscipit', 'Qui omnis est tenetur. Assumenda et eligendi inventore temporibus inventore vel optio. Voluptatem porro nemo autem provident. Eos et quidem fugiat ipsum.', '25', '2', '8', '1', '32', '17', '1990.37', '13'),
('61', 'atque', 'Et ea voluptas ipsum porro architecto. Autem voluptatem officia et nostrum et praesentium sunt. Unde dolorem odio doloremque ipsa omnis est mollitia.', '27', '1', '1', '1', '32', '8', '10891.20', '9'),
('62', 'id', 'Exercitationem sed nobis facere qui voluptatem sit. Sint iste numquam est tempore cupiditate saepe. Explicabo blanditiis voluptas doloribus qui provident cupiditate vero.', '20', '1', '2', '5', '34', '9', '1934.40', '26'),
('63', 'et', 'Omnis minus debitis ducimus cum autem. Natus expedita saepe asperiores nihil suscipit culpa. Et quisquam voluptatem eos sunt soluta quis impedit. Excepturi voluptas velit consectetur.', '7', '2', '2', '6', '1', '4', '2066.00', '23'),
('64', 'est', 'Tempora molestias iusto ut quo qui unde deserunt. Sapiente magni sit quidem praesentium reiciendis et. Reprehenderit ut aut dolore eos magnam et reiciendis.', '31', '1', '8', '5', '32', '11', '17427.00', '29'),
('65', 'dolorem', 'Voluptatem vel qui deserunt quis consequatur voluptatem. Commodi corrupti nihil eius voluptatem. Libero et numquam hic ipsa est quaerat quidem. Non tenetur cumque temporibus voluptatibus.', '24', '1', '6', '2', '27', '1', '11646.30', '25'),
('66', 'numquam', 'Hic consequatur praesentium nemo qui dolorum voluptas. Vero totam doloribus ratione voluptatem. Voluptas qui unde et et quia ea.', '26', '1', '4', '3', '22', '9', '13947.69', '7'),
('67', 'a', 'In minima sit voluptatibus exercitationem. Ipsam commodi harum ut quia. Dolor sunt laborum quae sit voluptatem.', '5', '2', '4', '4', '37', '12', '13653.14', '10'),
('68', 'non', 'Aliquam explicabo sit molestiae in. Nisi illo laboriosam corporis labore aut. Praesentium totam dolore non velit.', '30', '2', '7', '10', '3', '11', '11419.34', '16'),
('69', 'magni', 'Exercitationem hic pariatur non. Aut quos molestiae vero eos sapiente natus. Suscipit reiciendis quod odit assumenda quae ullam laborum aperiam.', '23', '2', '6', '6', '36', '14', '262.17', '2'),
('70', 'doloremque', 'Commodi beatae eos nam ad aperiam cumque adipisci. Odit id id blanditiis sunt et tenetur et. Facere dolores sunt explicabo consequuntur voluptas impedit.', '9', '1', '6', '9', '30', '11', '16760.90', '7'),
('71', 'porro', 'Quis dolorem nemo totam qui est. Totam neque consequatur rerum dolorum quod. Provident voluptas similique et vitae tenetur eos eius. Nihil tenetur unde nemo provident consequuntur aut.', '8', '1', '7', '4', '16', '18', '10329.55', '10'),
('72', 'nihil', 'Sunt sequi impedit rem ab. Repudiandae ut laudantium officiis est dolor at vero. Quibusdam tenetur odit magnam quasi quasi in est sed.', '34', '2', '8', '3', '9', '14', '16289.63', '5'),
('73', 'dolor', 'Maxime temporibus omnis repudiandae quis tempore vel veniam. Sunt et sunt est eligendi corrupti excepturi. Doloribus dolorem magnam repellat et aliquid velit voluptatibus ad. Sequi eos nulla et.', '36', '1', '4', '9', '27', '16', '11756.09', '22'),
('74', 'architecto', 'Et dolores molestiae nulla vel autem necessitatibus minima. Velit modi sit sit quo adipisci. Ex sit omnis voluptas voluptatem. Eos labore voluptate natus perferendis quia non recusandae.', '35', '2', '6', '11', '25', '6', '11394.26', '6'),
('75', 'sunt', 'Occaecati quis quia quo nam. Consectetur est quia vel dolores est qui. Et nesciunt eos in.', '30', '1', '1', '12', '40', '7', '11727.80', '24'),
('76', 'suscipit', 'Voluptates minus numquam eligendi officia. Et voluptatem eligendi inventore ut aut. Rem est delectus est labore libero eos repudiandae. Illo velit tenetur reiciendis id.', '23', '2', '4', '10', '16', '6', '7927.99', '19'),
('77', 'dolores', 'At similique qui sunt tenetur quia. Earum delectus aut nemo. Nostrum nulla error ea eos omnis cupiditate voluptate. Facilis error autem aut eius.', '4', '2', '2', '4', '23', '15', '19665.00', '9'),
('78', 'dolorem', 'Sit est eos nisi voluptates unde dicta. Officiis possimus est dignissimos tempora distinctio delectus. Adipisci dolores non delectus. Exercitationem harum adipisci quibusdam omnis ipsum dolorem modi.', '12', '2', '5', '11', '40', '14', '9467.70', '25'),
('79', 'dignissimos', 'Autem sit incidunt hic occaecati voluptates sequi. Accusantium aliquid ut unde error. Aut aperiam sunt voluptatem eum quia sit officiis quasi.', '32', '1', '5', '10', '30', '13', '2862.22', '10'),
('80', 'quis', 'Tenetur aut est asperiores sunt quo. Et ut necessitatibus dolorum odit non. Culpa quasi est assumenda non alias libero.', '36', '2', '5', '9', '15', '8', '1486.66', '22'),
('81', 'animi', 'Culpa nemo placeat qui vel. Quidem qui officia ut aut dolor. Officiis soluta molestias in magni et et culpa.', '12', '2', '4', '2', '28', '2', '3800.00', '8'),
('82', 'perferendis', 'Eum esse voluptatem quidem. Fuga debitis enim voluptatibus saepe aut. In at omnis sint aut.', '11', '1', '4', '4', '27', '10', '13512.20', '12'),
('83', 'et', 'Voluptas sapiente laborum et qui dignissimos. Culpa sit quo expedita et in vitae molestias totam. Ipsam est totam voluptas est excepturi. Perferendis quasi libero velit fugit nihil et quisquam.', '5', '2', '1', '9', '31', '6', '18673.00', '3'),
('84', 'optio', 'Tempora eos voluptates cumque. Molestiae in eos sed et architecto laborum vero. Culpa est laborum explicabo ut dolor et.', '12', '2', '1', '11', '32', '1', '16601.39', '19'),
('85', 'rerum', 'Voluptatem dolorum aut aut. Libero consequuntur beatae quis repellendus. Consequuntur provident alias veniam. Blanditiis nulla temporibus libero voluptatem aliquid omnis aliquam nobis.', '11', '2', '2', '7', '7', '19', '12705.92', '8'),
('86', 'aut', 'Quaerat nostrum delectus cum id autem est. Exercitationem assumenda error reiciendis optio. Doloribus possimus iure aut.', '6', '1', '4', '10', '37', '6', '19520.33', '15'),
('87', 'repellendus', 'Asperiores sit sapiente atque dolorem. Cupiditate saepe quo libero culpa voluptates at magni.', '28', '1', '2', '5', '24', '9', '18445.33', '26'),
('88', 'harum', 'Omnis sapiente cumque et omnis tempore in consequatur. Iste vel ipsum et ipsa. Vero cupiditate dolor cupiditate minus unde ea numquam consequuntur.', '14', '1', '2', '2', '31', '6', '1450.95', '8'),
('89', 'enim', 'Nisi distinctio qui qui deserunt consectetur. Exercitationem cumque et quisquam provident qui. Dolor aut laudantium aut tempora.', '33', '2', '4', '2', '12', '11', '18516.54', '27'),
('90', 'eaque', 'Ullam et hic officiis quam impedit. Error corrupti aliquam dolor suscipit assumenda quis itaque. Deserunt quia ipsam ab eaque ab.', '17', '1', '5', '7', '10', '11', '9423.29', '26'),
('91', 'mollitia', 'Eum non est ut ut ducimus. Voluptatem commodi placeat labore nihil excepturi. Officiis in ut molestiae dolores cum delectus rem. Aut nemo error illo et sed illo eligendi.', '26', '2', '5', '2', '29', '2', '11589.21', '28'),
('92', 'ut', 'Fugiat optio aut repellendus quod illo. Quia provident totam odit saepe. Voluptatibus veniam praesentium mollitia ea sed voluptatem nesciunt molestias.', '13', '1', '1', '6', '10', '9', '11992.40', '17'),
('93', 'consectetur', 'Sit eos et magni eum pariatur et. Ullam recusandae saepe odit illo corrupti enim aut. Tempora aliquam qui fugit dolor sed consectetur. Qui non vero rerum qui quisquam et.', '31', '1', '7', '3', '3', '1', '16414.42', '12'),
('94', 'consequuntur', 'Atque aliquid suscipit est nesciunt. Sed in labore laboriosam tempora incidunt iusto recusandae. Aliquam qui placeat expedita sit omnis quis ratione.', '7', '1', '1', '3', '7', '10', '17101.00', '25'),
('95', 'inventore', 'Omnis ut harum quia qui. Earum blanditiis facilis voluptatem error neque aut ex. Ex qui et eos fugit quia corporis.', '25', '2', '4', '7', '34', '8', '446.72', '8'),
('96', 'qui', 'Magnam sit animi et doloribus ut. Id velit molestiae vero autem quis. Odit nulla corrupti error et.', '23', '1', '3', '7', '19', '15', '8161.06', '4'),
('97', 'tempora', 'Dicta veritatis quis eos ducimus tempora impedit et. Ipsa eos et voluptates voluptatem. Debitis dolore inventore debitis tempora itaque veritatis.', '3', '2', '3', '6', '37', '16', '6342.53', '23'),
('98', 'eveniet', 'Aut veniam eos quia vitae. Blanditiis est neque ut aut adipisci aspernatur dicta. Dolor velit aut eum voluptas repellendus a.', '11', '1', '6', '5', '17', '5', '16613.84', '19'),
('99', 'at', 'Libero eos iure sed. Nesciunt quia voluptas temporibus enim sed error ratione. Et cumque sit voluptas vel est accusamus. Deleniti facilis quisquam mollitia quia nobis.', '28', '2', '5', '7', '19', '5', '12948.00', '27'),
('100', 'unde', 'Reiciendis facere cupiditate voluptatem est eius maxime eum. Corporis itaque et molestias eos labore doloremque. Placeat in ipsa quia iure ipsam aut quidem earum.', '12', '1', '3', '7', '23', '1', '2930.58', '23');

# TABLE 15 STRUCTURE FOR: order_statuses

INSERT INTO `order_statuses` (`name`) VALUES ('не оплачено'), ('оплачено'), ('собирается'), ('отправлен'), ('доставлен'), ('возврат'), ('отменен');

# TABLE 16 STRUCTURE FOR: orders

INSERT INTO `orders` (`id`, `user_id`, `order_status_id`, `delivery_city_id`, `created_at`, `updated_at`) 
VALUES 
('1', '162', '6', '9', '1986-03-07 20:53:27', '1983-03-05 01:00:31'),
('2', '185', '3', '1', '1987-12-07 02:08:18', '2019-04-11 13:53:38'),
('3', '106', '6', '12', '1974-01-03 07:45:50', '1991-07-26 19:10:44'),
('4', '182', '4', '2', '2014-09-11 17:18:30', '1990-11-07 18:09:40'),
('5', '139', '4', '2', '1983-12-31 03:38:02', '1999-04-08 06:37:04'),
('6', '186', '3', '12', '1993-05-21 23:50:13', '2019-03-20 16:06:49'),
('7', '165', '5', '13', '2001-02-25 06:45:13', '1996-12-24 14:01:45'),
('8', '169', '6', '3', '2009-07-10 13:32:20', '1978-08-21 08:11:02'),
('9', '176', '5', '15', '1991-05-16 11:56:51', '2008-02-10 01:05:00'),
('10', '121', '4', '4', '1988-05-13 15:20:02', '1972-07-31 05:38:04'),
('11', '104', '2', '1', '1997-07-17 23:39:27', '1982-05-31 08:03:27'),
('12', '162', '1', '6', '1974-03-01 22:34:35', '2017-08-17 18:11:28'),
('13', '164', '2', '4', '1986-09-22 05:04:52', '1976-05-19 01:42:33'),
('14', '148', '1', '12', '2013-08-21 13:48:10', '1981-09-26 16:18:29'),
('15', '153', '3', '3', '1998-04-01 19:47:41', '2020-12-09 15:40:30'),
('16', '162', '2', '9', '1976-11-18 10:55:20', '1996-07-19 09:42:19'),
('17', '142', '7', '3', '1995-05-03 23:25:07', '1997-05-27 03:36:46'),
('18', '118', '5', '15', '1975-02-03 09:13:15', '1988-02-04 08:44:14'),
('19', '141', '4', '10', '2008-07-31 02:19:29', '1982-09-23 23:04:54'),
('20', '139', '6', '3', '2004-09-23 01:38:40', '1994-01-04 06:46:45'),
('21', '157', '6', '6', '1990-01-10 06:10:32', '1979-12-20 09:22:16'),
('22', '159', '4', '8', '2012-09-15 04:34:54', '2018-03-08 08:28:21'),
('23', '101', '2', '10', '1972-10-22 03:08:27', '1971-02-11 10:52:14'),
('24', '120', '5', '10', '2004-03-16 10:03:33', '2020-12-26 04:37:33'),
('25', '198', '2', '1', '1978-06-03 21:20:13', '2018-12-08 02:10:20'),
('26', '116', '7', '5', '1998-03-15 10:28:14', '1979-04-18 16:42:28'),
('27', '169', '2', '4', '2016-10-16 17:05:41', '2015-04-10 14:23:45'),
('28', '187', '4', '15', '2007-02-24 06:20:02', '2002-02-08 04:13:05'),
('29', '184', '7', '8', '2010-03-19 05:57:36', '1984-08-30 00:13:20'),
('30', '148', '2', '5', '2008-06-09 15:53:06', '1972-01-22 15:11:05'),
('31', '162', '6', '2', '1985-09-14 10:17:03', '1975-08-04 13:15:02'),
('32', '103', '4', '10', '1983-11-02 17:47:28', '2020-05-06 09:08:50'),
('33', '151', '4', '13', '1995-06-15 15:09:17', '2017-04-14 06:01:24'),
('34', '115', '6', '8', '2015-01-20 23:12:42', '2016-08-11 20:30:08'),
('35', '176', '5', '11', '2015-10-24 02:48:48', '2003-09-10 02:15:21'),
('36', '182', '7', '9', '1989-10-26 17:54:01', '1987-01-15 06:24:31'),
('37', '114', '5', '13', '1999-07-30 15:27:26', '2010-11-03 04:36:56'),
('38', '142', '4', '5', '1984-11-30 06:43:20', '1988-03-19 00:33:37'),
('39', '139', '3', '4', '1984-10-26 10:57:19', '1993-02-01 15:13:37'),
('40', '185', '7', '7', '2018-08-07 16:36:28', '1999-10-30 03:27:31'),
('41', '114', '4', '5', '1993-01-21 03:37:54', '1990-12-12 06:41:09'),
('42', '122', '4', '12', '2017-02-06 12:16:04', '1987-05-21 13:31:25'),
('43', '186', '1', '5', '1994-08-14 03:37:30', '2015-12-29 13:59:55'),
('44', '165', '2', '1', '1974-10-27 11:28:24', '2013-02-03 09:24:38'),
('45', '117', '1', '11', '1996-04-13 08:18:54', '2006-07-21 12:42:40'),
('46', '186', '7', '10', '2019-03-11 18:56:38', '1972-07-27 20:09:36'),
('47', '144', '1', '4', '1982-04-03 11:20:22', '2018-09-22 14:42:13'),
('48', '122', '3', '12', '2011-04-14 08:00:40', '1970-04-02 05:02:59'),
('49', '157', '6', '3', '1998-09-25 21:37:59', '1992-08-23 04:36:06'),
('50', '176', '5', '1', '2020-10-25 15:25:17', '1983-05-08 05:55:29');

# TABLE 17 STRUCTURE FOR: order_products

INSERT INTO `order_products` (`id`, `order_id`, `product_id`, `order_quantity`, `created_at`, `updated_at`) 
VALUES 
('1', '34', '13', 3, '1980-06-15 12:06:38', '1976-02-12 12:59:22'),
('2', '47', '73', 4, '1996-10-23 02:47:19', '1979-02-26 01:10:39'),
('3', '46', '6', 5, '2005-08-11 11:21:36', '2016-12-22 11:48:04'),
('4', '2', '56', 2, '1988-01-20 02:37:10', '1977-10-11 10:50:17'),
('5', '19', '35', 6, '2014-06-13 08:32:39', '2015-10-22 13:23:56'),
('6', '35', '46', 1, '2018-10-15 03:15:21', '1977-10-04 18:06:30'),
('7', '50', '62', 5, '1995-10-29 22:06:26', '2010-04-12 20:21:44'),
('8', '46', '18', 2, '2020-08-22 12:52:14', '1984-08-18 01:06:18'),
('9', '21', '52', 1, '1974-10-31 03:16:24', '1975-06-18 03:28:37'),
('10', '12', '87', 6, '2012-01-09 00:17:09', '2013-01-07 05:07:54'),
('11', '38', '79', 4, '1985-09-07 06:46:17', '1995-02-27 00:57:01'),
('12', '4', '66', 3, '2012-10-27 08:59:55', '1991-04-19 15:38:15'),
('13', '39', '24', 6, '2007-11-03 05:57:48', '2016-08-30 22:29:51'),
('14', '3', '44', 1, '2016-11-30 15:15:16', '1987-06-16 11:40:01'),
('15', '18', '32', 6, '1982-06-03 19:07:57', '1983-03-28 17:30:57'),
('16', '21', '3', 4, '1999-08-22 09:18:42', '1976-06-01 08:30:05'),
('17', '23', '34', 5, '1997-01-20 02:32:27', '2006-06-06 21:41:19'),
('18', '38', '35', 4, '1982-09-23 14:02:15', '2005-06-08 16:11:47'),
('19', '20', '78', 5, '1976-02-19 19:10:28', '1980-12-01 02:22:51'),
('20', '46', '78', 6, '1995-05-27 23:00:37', '2003-01-04 20:09:30'),
('21', '7', '60', 1, '2012-11-13 06:52:24', '1992-07-17 00:47:56'),
('22', '12', '12', 5, '2007-02-11 21:13:32', '1974-04-26 15:58:33'),
('23', '11', '14', 5, '1985-09-10 01:24:06', '1971-01-03 13:49:37'),
('24', '15', '63', 6, '2021-04-04 12:25:54', '1980-12-06 00:42:21'),
('25', '33', '54', 1, '1970-02-15 23:02:43', '1982-08-18 17:56:53'),
('26', '25', '42', 4, '2017-04-02 11:20:38', '1970-05-23 02:44:08'),
('27', '17', '57', 6, '2011-07-21 02:26:16', '2003-07-07 23:08:08'),
('28', '4', '10', 2, '1970-12-10 04:11:21', '1983-01-09 20:38:00'),
('29', '40', '11', 4, '2006-03-05 16:16:35', '1991-05-01 11:32:11'),
('30', '27', '16', 1, '2009-04-20 18:15:22', '1980-07-25 12:57:22'),
('31', '22', '95', 2, '1987-10-04 18:52:58', '2004-03-03 00:20:43'),
('32', '10', '87', 2, '1970-11-03 03:34:57', '1982-01-14 15:47:20'),
('33', '14', '94', 1, '2009-09-02 18:27:26', '2009-10-23 23:45:14'),
('34', '11', '68', 6, '1991-02-01 05:04:22', '1982-04-05 04:24:24'),
('35', '36', '12', 6, '1985-02-10 21:20:19', '2015-06-19 11:05:31'),
('36', '23', '84', 2, '2016-02-12 15:03:25', '2019-05-21 22:46:04'),
('37', '36', '68', 6, '1981-12-18 01:43:01', '1997-05-08 15:36:21'),
('38', '48', '93', 1, '2004-04-08 04:43:40', '1970-06-29 07:15:35'),
('39', '41', '25', 1, '2018-11-28 03:55:37', '1997-02-05 04:59:21'),
('40', '28', '47', 2, '2014-12-28 05:09:06', '1997-05-29 17:38:59'),
('41', '39', '4', 2, '2020-12-29 14:42:36', '1978-07-04 17:43:33'),
('42', '44', '10', 2, '1989-07-18 13:53:48', '2019-11-15 16:05:42'),
('43', '31', '95', 3, '2001-05-15 17:06:05', '1995-09-09 02:48:34'),
('44', '10', '41', 2, '1980-06-10 12:07:39', '2016-08-12 16:53:37'),
('45', '3', '71', 3, '1983-05-10 19:37:13', '2000-01-05 18:57:46'),
('46', '28', '48', 1, '1977-02-08 09:36:56', '1977-04-10 04:49:25'),
('47', '33', '74', 3, '1986-12-31 06:12:22', '1998-09-16 19:00:30'),
('48', '18', '93', 6, '2005-08-18 03:29:38', '1978-06-07 09:19:08'),
('49', '34', '56', 6, '1993-06-10 08:39:47', '1999-09-14 18:44:43'),
('50', '30', '39', 5, '1986-09-16 10:13:30', '1974-02-14 08:05:21');

# TABLE 18 STRUCTURE FOR: product_comments
INSERT INTO `product_comments` (`user_id`, `product_id`, `text`, `created_at`) 
VALUES 
('185', '3', 'Qui eum illum enim sapiente quia porro. Incidunt dolores rerum laborum dignissimos quae ad. Saepe non et ipsa eligendi et facilis. Dicta dolores molestiae assumenda aliquid repudiandae et recusandae.', '2000-02-16 15:33:59'),
('106', '36', 'Voluptas quis placeat asperiores iste. Aut et et ad cumque. Id fuga et qui eveniet consequatur et. Est voluptatibus nisi qui voluptatem aut tenetur.', '1992-05-31 22:00:04'),
('162', '7', 'Quibusdam delectus nostrum cupiditate. Quia enim officia sed eligendi. At totam cupiditate dolor voluptas.', '1971-11-30 09:31:38'),
('159', '34', 'Eius at sed fugit ea repellendus. Aut aspernatur deserunt minima earum. Dolorem sapiente eos quis impedit eos dolorem.', '1987-11-25 01:58:07'),
('103', '28', 'Beatae ut iste eligendi saepe dolorum ad quam. Dolores atque voluptas quasi. Aliquam corporis perspiciatis exercitationem sit eius sit nihil.', '1995-02-05 16:25:57'),
('151', '5', 'Temporibus placeat unde nihil repellendus. Distinctio et ut asperiores repudiandae consequuntur. Ullam laborum laborum quo voluptate. Odio quos cumque dolore ipsa. Mollitia ut asperiores ipsum quis.', '2015-02-21 19:24:08'),
('184', '1', 'Ut neque nisi officia consequatur est consequatur dignissimos. Totam aut repellendus necessitatibus aliquam beatae maiores.', '1974-04-26 12:10:03'),
('185', '42', 'Dolor eos nobis reiciendis deserunt harum non sed ab. Eos voluptatem provident rem omnis provident. Assumenda provident facilis aut facilis possimus eum. Expedita esse laboriosam sed dignissimos aut.', '2000-03-20 21:00:51'),
('165', '26', 'Quae veritatis dolores voluptatem molestias eum provident. Itaque deleniti eius in. Dicta ipsam sequi ex doloribus vero qui.', '1978-02-18 14:17:42'),
('122', '10', 'Iste sunt sed qui dolorem autem ut. Et at aut et cumque omnis.\nFugiat vel voluptatem et ullam excepturi. Dolorum occaecati quia aut. Ab maxime amet vitae.', '2018-01-20 19:42:32'),
('114', '45', 'Voluptatibus non laboriosam maxime exercitationem voluptates qui. Reiciendis maiores ipsum error facilis. Est eveniet maxime eum aut perspiciatis enim animi. Est modi labore vel ratione et eaque.', '1990-07-08 17:33:39'),
('122', '40', 'Eaque aut ea eaque deleniti. Provident at ea molestiae voluptatem voluptas modi. Est quo rerum natus sunt. Aliquam aut qui non saepe. Nobis maxime autem vero perspiciatis quam.', '1979-07-13 01:32:43'),
('176', '33', 'Facilis necessitatibus sit ipsa dolorem. Id nihil veniam dolorem eius magnam sapiente est et. Sit error dolor provident eos nihil ipsum. Ea nisi ut veniam ea commodi ex aut.', '2012-05-04 13:11:05'),
('144', '35', 'Et adipisci voluptatibus hic impedit voluptas laborum tenetur fuga. Exercitationem accusamus temporibus doloribus dolorem. Omnis odio neque quae totam.', '2002-10-10 13:09:19'),
('116', '24', 'Voluptate et enim velit rerum eveniet vitae. Qui commodi aut at itaque.\nQuia vel et eos sed sit. Consequatur mollitia ut sit a hic asperiores. Quaerat illum ut hic maiores et occaecati.', '1995-03-15 01:05:05'),
('169', '1', 'In soluta unde quia ab. Autem quibusdam perspiciatis necessitatibus omnis quam.', '2014-02-09 20:53:57'),
('142', '48', 'Est dolorem consequatur accusamus sint quae aspernatur. Enim deserunt quia ut nobis repellendus. Repudiandae quia recusandae architecto et. Numquam accusantium nostrum id est.', '1995-06-15 09:21:11'),
('115', '7', 'Ut maiores quam quo magni voluptates nihil occaecati ut. Aperiam quia et soluta vel. Facere perspiciatis tempore nihil aut similique omnis. Quo id laborum ut id unde id.', '1996-02-14 12:31:05'),
('114', '16', 'Natus unde et quasi itaque accusamus natus. Ex sed consequatur nisi perspiciatis. Rem placeat hic ratione voluptatem dolorem mollitia. Minus provident voluptatem ratione expedita ipsam quis.', '1974-10-25 02:15:55'),
('157', '18', 'Sit odio aut architecto autem. Est id et voluptatem ratione commodi ut. Debitis debitis eum facere tempora. Nihil porro unde similique quam esse tempore autem.', '1974-08-08 04:23:43'),
('104', '31', 'Incidunt harum qui iste dolore. Debitis et beatae necessitatibus aut tempore. Ipsam ipsam voluptatem quos similique aut itaque.', '2008-07-23 10:43:17'),
('164', '13', 'Et minima accusantium corrupti inventore tenetur. Id nostrum ut laboriosam rerum laborum itaque.', '2007-12-11 16:21:11'),
('162', '4', 'Nemo quia delectus qui maiores aut itaque. Ipsa quis eos sit esse dolor qui sit. Eius rerum eligendi ut modi expedita ratione. Quos doloremque suscipit incidunt dicta nihil nam et.', '1976-08-31 10:25:16'),
('142', '21', 'Dolorum quasi nisi exercitationem perspiciatis. Voluptas nemo placeat accusantium dolorem earum ex. Expedita voluptatem dolor explicabo deserunt et autem.', '2010-12-16 17:45:53'),
('121', '8', 'Dolorum assumenda accusantium mollitia cupiditate non aut explicabo. Laborum accusamus placeat at. A pariatur natus voluptates et. Doloremque sed minima culpa sit perferendis dolores atque esse.', '2002-01-02 06:58:54'),
('176', '19', 'Atque quia officiis ut. Deserunt dolorem corrupti quo sit aut. Dolore occaecati atque praesentium impedit.', '2015-08-25 12:18:49'),
('115', '31', 'Voluptatum nobis excepturi enim tempore est autem doloribus. Nemo dolorem nisi omnis ducimus. Molestiae aut perspiciatis laborum minus. Ullam mollitia quia possimus tempora ipsa eos nesciunt.', '1984-09-25 19:02:20'),
('182', '37', 'A aliquam similique quaerat fuga nemo vitae et. Sint ut ut eos pariatur dolores qui. Nostrum eum aliquid aut quo.', '1988-02-17 10:18:09'),
('148', '28', 'Explicabo qui ut eveniet eaque. Incidunt minima architecto iusto aperiam ab impedit. Odio accusamus sit ex nulla doloremque. Eos est ea labore repellendus molestias.', '2009-03-03 17:05:46'),
('116', '5', 'Esse dolor autem consectetur numquam quos eligendi. Quidem magni asperiores iusto atque. Perferendis repudiandae dolores tempore natus et consectetur.', '1999-02-18 01:30:05');


# TABLE 19 STRUCTURE FOR: storehouses


INSERT INTO `storehouses` (`id`, `name`, `city_id`, `created_at`, `updated_at`) 
VALUES 
('1', 'mollitia', '3', '2021-01-30 00:56:32', '2002-12-02 16:48:01'),
('2', 'debitis', '12', '2020-03-29 11:36:51', '2015-11-28 00:33:14'),
('3', 'laboriosam', '8', '1986-08-12 19:08:20', '2018-04-09 15:39:26'),
('4', 'praesentium', '9', '2008-03-27 23:57:54', '2019-05-17 16:39:44'),
('5', 'dolorem', '3', '1973-04-02 23:54:30', '1982-09-03 06:41:03'),
('6', 'nemo', '3', '1989-07-03 06:20:57', '1984-02-27 04:03:48'),
('7', 'fugiat', '6', '2000-08-09 13:27:46', '1986-04-14 04:39:55'),
('8', 'illum', '12', '2010-01-30 14:16:20', '2000-03-11 07:01:35'),
('9', 'possimus', '5', '2000-03-14 20:58:53', '1982-06-17 09:14:41'),
('10', 'repellendus', '10', '2001-05-17 00:53:16', '2013-09-04 16:03:59'),
('11', 'consequuntur', '4', '2013-11-18 16:22:22', '1990-05-04 07:23:43'),
('12', 'laudantium', '9', '2007-03-30 17:14:52', '2006-08-04 11:42:47'),
('13', 'nisi', '6', '2012-11-18 05:34:43', '1979-07-19 22:36:58'),
('14', 'ea', '9', '1993-01-23 10:22:12', '1975-08-04 03:04:24'),
('15', 'vel', '6', '1988-06-20 18:22:28', '2018-07-16 17:14:17'),
('16', 'quas', '5', '1994-02-25 18:53:32', '2009-02-06 09:33:48'),
('17', 'placeat', '5', '1998-06-09 15:48:51', '2001-05-03 16:52:08'),
('18', 'maiores', '10', '2014-02-05 11:04:08', '2020-01-03 10:23:40'),
('19', 'ut', '9', '1971-09-15 20:28:18', '2017-05-22 03:26:18'),
('20', 'totam', '3', '2000-09-07 02:07:16', '1973-07-03 03:45:36'),
('21', 'rerum', '5', '1987-07-09 11:16:17', '1974-06-02 01:54:56'),
('22', 'voluptatem', '4', '1989-12-05 14:38:12', '2008-12-01 15:56:07'),
('23', 'sit', '7', '1996-10-30 21:04:37', '2010-03-05 01:01:10'),
('24', 'est', '12', '1996-02-05 11:56:59', '1991-05-08 21:12:59'),
('25', 'pariatur', '6', '1989-02-08 21:22:05', '1996-05-06 07:04:10'),
('26', 'commodi', '5', '1993-02-02 20:40:20', '2003-05-04 22:14:37'),
('27', 'ratione', '4', '1974-03-12 07:13:24', '1974-10-15 15:43:50'),
('28', 'quia', '11', '1981-10-29 12:03:18', '2017-04-16 19:54:44'),
('29', 'accusamus', '2', '2017-01-07 18:10:51', '2008-10-26 21:32:52'),
('30', 'et', '9', '2007-05-31 02:24:24', '1999-11-08 23:05:19'),
('31', 'at', '11', '2004-05-24 03:18:56', '2010-12-16 12:07:46'),
('32', 'ipsa', '11', '1992-06-19 14:04:00', '2015-05-26 10:00:37'),
('33', 'sequi', '10', '2001-06-19 13:31:25', '2010-12-13 00:05:59'),
('34', 'perferendis', '10', '2000-09-26 19:20:05', '2018-05-01 08:53:03'),
('35', 'veniam', '2', '1999-12-19 05:15:01', '2001-02-06 01:05:55'),
('36', 'expedita', '2', '1982-12-13 15:24:38', '1989-08-18 05:22:10'),
('37', 'suscipit', '9', '1987-10-23 06:13:03', '1997-12-04 15:54:52'),
('38', 'quibusdam', '8', '1975-07-19 22:49:17', '2012-01-02 05:01:03'),
('39', 'id', '1', '1980-03-15 13:45:09', '1996-12-17 20:31:37'),
('40', 'qui', '5', '1974-07-14 11:32:20', '2000-04-11 21:40:50'),
('41', 'officia', '11', '1997-01-17 21:02:46', '1988-09-27 21:28:30'),
('42', 'aut', '3', '2019-08-04 18:42:19', '2010-02-15 14:29:23'),
('43', 'laborum', '11', '1979-01-30 02:52:24', '2014-05-13 07:40:00'),
('44', 'magni', '9', '1977-11-14 19:54:20', '1977-04-12 09:57:06'),
('45', 'doloribus', '2', '1989-05-07 22:32:52', '1980-06-07 18:37:28'),
('46', 'soluta', '9', '1979-08-08 12:08:04', '1995-03-02 16:51:33'),
('47', 'libero', '3', '2008-08-23 00:23:45', '2011-03-30 21:07:36'),
('48', 'consequatur', '4', '1985-12-12 10:06:22', '2008-09-23 07:34:01'),
('49', 'quaerat', '8', '2002-06-10 13:41:15', '1999-01-05 20:37:48'),
('50', 'atque', '6', '2003-12-05 22:00:17', '1992-06-01 18:14:17'),
('51', 'quisquam', '9', '2018-03-29 17:04:53', '2006-07-24 21:41:20'),
('52', 'facere', '7', '1990-03-23 02:33:47', '1990-09-03 19:24:43'),
('53', 'iure', '7', '1992-12-17 13:39:22', '1973-06-05 06:03:40'),
('54', 'voluptas', '10', '2007-10-27 15:21:13', '1999-08-15 15:51:51'),
('55', 'nobis', '5', '2015-01-07 17:56:24', '2003-09-25 19:45:07'),
('56', 'recusandae', '4', '1981-03-07 17:59:42', '1998-08-12 14:37:01'),
('57', 'minima', '11', '1991-10-17 08:36:14', '1995-04-06 13:11:16'),
('58', 'cumque', '11', '2014-12-25 12:59:38', '1985-06-16 09:34:21'),
('59', 'dolorum', '8', '2007-07-15 13:35:28', '2019-10-31 14:56:26'),
('60', 'ipsam', '9', '1984-04-23 06:38:01', '2008-06-09 21:35:20'),
('61', 'molestias', '9', '1975-05-28 09:09:36', '1984-05-28 20:05:40'),
('62', 'reprehenderit', '8', '2003-07-06 10:52:24', '1998-02-10 04:54:17'),
('63', 'porro', '10', '2001-05-20 22:24:48', '2008-03-22 00:52:58'),
('64', 'consectetur', '8', '2018-05-25 01:38:42', '1976-08-28 12:10:08'),
('65', 'ex', '6', '1974-09-27 10:24:24', '1981-06-04 04:55:01'),
('66', 'adipisci', '12', '1984-07-28 23:27:20', '2017-06-25 20:43:45'),
('67', 'tempora', '2', '1994-12-19 03:47:46', '1988-02-18 20:09:14'),
('68', 'illo', '3', '1979-05-31 20:30:20', '2020-01-29 16:32:19'),
('69', 'corporis', '12', '1977-12-10 14:58:44', '1979-12-20 04:37:37'),
('70', 'autem', '3', '1983-05-08 17:26:43', '1996-06-20 13:17:01');

# TABLE 20 STRUCTURE FOR: storehouses_products

INSERT INTO `storehouses_products` (`storehouse_id`, `product_id`, `value`, `created_at`, `updated_at`) 
VALUES 
('22', '60', 13, '1984-07-31 09:05:00', '1985-06-14 18:39:50'),
('49', '94', 23, '2020-11-12 18:19:09', '1991-09-25 23:40:40'),
('8', '49', 24, '2001-06-11 11:12:08', '2002-09-07 16:02:57'),
('53', '53', 23, '1999-09-26 18:57:37', '1992-11-20 20:23:59'),
('43', '12', 24, '1970-05-22 13:14:12', '1998-09-01 09:56:56'),
('63', '66', 18, '1970-05-18 06:59:23', '1987-09-05 13:13:27'),
('55', '80', 22, '2019-12-12 23:53:37', '1990-07-07 05:39:36'),
('39', '25', 27, '1974-02-06 16:59:29', '1977-11-18 01:26:23'),
('17', '42', 44, '1986-08-31 04:27:32', '2009-08-30 07:48:59'),
('4', '90', 5, '1979-05-12 13:40:01', '1978-11-22 00:40:53'),
('22', '93', 7, '1995-10-13 03:16:38', '1970-03-11 06:43:30'),
('57', '54', 42, '1998-03-26 18:39:52', '2009-07-22 12:27:37'),
('15', '37', 23, '1976-09-02 17:32:53', '1974-03-07 12:30:25'),
('65', '58', 44, '2006-06-13 03:49:08', '1989-02-01 14:59:03'),
('62', '9', 3, '1986-08-30 17:58:31', '1987-10-21 23:01:20'),
('25', '84', 49, '1993-03-27 07:06:41', '1985-09-24 04:29:31'),
('67', '3', 2, '1993-07-20 02:32:09', '1989-05-21 21:26:53'),
('38', '65', 30, '2012-10-11 02:55:27', '1998-02-01 09:21:39'),
('57', '17', 44, '1999-10-10 08:18:12', '1985-12-01 03:20:38'),
('30', '91', 5, '1983-07-09 03:49:59', '2013-10-30 16:52:36'),
('69', '76', 26, '2003-12-08 20:32:59', '2015-02-23 13:54:39'),
('6', '86', 35, '2009-05-26 15:25:22', '1992-02-06 02:53:16'),
('15', '20', 4, '2012-04-04 19:20:27', '1978-01-25 02:55:58'),
('31', '71', 20, '1988-06-26 15:48:55', '1999-06-23 02:49:03'),
('2', '82', 5, '2005-05-09 06:00:43', '1981-03-16 15:26:54'),
('10', '38', 35, '2017-10-18 02:08:02', '1994-10-17 08:09:12'),
('66', '44', 43, '1971-01-17 02:24:19', '1987-11-15 01:38:00'),
('27', '56', 13, '1988-05-24 19:28:08', '2005-04-08 13:38:11'),
('64', '92', 29, '2004-05-08 19:52:31', '2016-10-13 21:32:22'),
('65', '19', 38, '2009-12-20 11:51:54', '2020-07-16 21:33:59'),
('41', '79', 44, '1997-02-22 11:21:50', '1996-09-18 05:29:53'),
('25', '95', 2, '2012-03-17 06:42:20', '1980-05-16 20:26:37'),
('1', '51', 4, '2013-11-16 22:28:57', '1976-01-23 04:24:06'),
('46', '32', 37, '2020-04-01 11:35:41', '2004-01-20 04:56:31'),
('40', '14', 16, '2010-10-15 10:10:31', '2021-01-08 12:12:03'),
('24', '35', 4, '1973-12-30 14:38:39', '2007-03-05 04:37:11'),
('11', '88', 23, '2011-04-12 14:06:48', '1974-11-10 00:01:42'),
('3', '74', 49, '1974-01-10 16:26:29', '2015-03-20 02:12:02'),
('35', '4', 29, '1980-05-19 00:41:11', '2016-01-08 19:08:48'),
('17', '98', 28, '1979-03-09 01:48:44', '2002-08-23 10:50:14'),
('4', '63', 15, '2013-11-28 16:19:02', '1991-08-04 09:53:56'),
('48', '15', 19, '1999-07-05 23:49:01', '2007-09-17 05:48:37'),
('41', '97', 5, '1986-11-15 15:18:40', '2000-01-13 21:55:54'),
('37', '87', 27, '2014-02-04 19:16:31', '1982-12-18 10:06:04'),
('41', '81', 28, '1994-05-02 07:06:14', '1997-11-26 14:33:33'),
('52', '96', 25, '2005-03-26 03:07:03', '1998-07-11 02:18:07'),
('64', '47', 17, '2002-04-12 02:13:00', '1990-09-11 19:24:05'),
('16', '61', 33, '2008-09-25 21:48:37', '1980-11-05 22:32:28'),
('3', '31', 3, '2017-06-26 09:37:08', '1998-09-09 20:44:00'),
('64', '83', 35, '2004-07-28 07:28:33', '1992-07-16 17:34:18'),
('31', '67', 21, '2018-12-30 05:08:21', '1971-06-01 18:41:40'),
('12', '46', 18, '1974-07-24 17:59:48', '1994-11-03 05:25:36'),
('8', '99', 44, '2004-04-05 14:33:22', '2005-10-25 20:36:33'),
('47', '1', 50, '1992-08-25 06:10:41', '1981-02-28 15:22:55'),
('20', '21', 10, '2004-12-13 22:52:46', '2020-09-23 06:15:00'),
('8', '45', 23, '2001-10-01 02:13:51', '1973-07-11 16:22:08'),
('41', '68', 43, '1973-10-22 14:39:24', '2017-05-31 14:05:17'),
('46', '57', 21, '1983-05-30 19:12:47', '2006-04-13 22:30:10'),
('12', '18', 20, '1985-01-20 04:39:12', '2016-03-22 03:49:13'),
('50', '70', 18, '1977-01-01 23:07:34', '2020-01-29 20:37:57'),
('11', '30', 7, '1976-05-07 14:24:17', '1981-02-10 19:09:52'),
('40', '23', 18, '1982-06-11 16:07:22', '2015-07-27 01:44:49'),
('48', '13', 22, '2013-01-05 10:38:22', '1978-10-11 00:24:09'),
('31', '28', 6, '1986-05-06 08:11:28', '2000-10-24 02:21:32');