DROP DATABASE IF EXISTS vk_churkina_hw;
CREATE DATABASE vk_churkina_hw;
USE vk_churkina_hw;

DROP TABLE IF EXISTS users;
CREATE TABLE users (
	id SERIAL PRIMARY KEY, -- SERIAL = BIGINT UNSIGNED NOT NULL AUTO_INCREMENT UNIQUE
    firstname VARCHAR(100),
    lastname VARCHAR(100) COMMENT 'Фамилия', -- COMMENT на случай, если имя неочевидное
    email VARCHAR(100) UNIQUE,
    password_hash varchar(100),
    phone BIGINT UNIQUE,
    is_deleted INT default 0,
    -- INDEX users_phone_idx(phone), -- помним: как выбирать индексы
    INDEX users_firstname_lastname_idx(firstname, lastname)
);

DROP TABLE IF EXISTS `profiles`;
CREATE TABLE `profiles` (
	user_id SERIAL PRIMARY KEY,
    gender ENUM('female', 'male'),
    birthday DATE,
	photo_id BIGINT UNSIGNED NULL,
    created_at DATETIME DEFAULT NOW(),
    hometown VARCHAR(100)
    -- , FOREIGN KEY (photo_id) REFERENCES media(id) -- пока рано, т.к. таблицы media еще нет
);

ALTER TABLE `profiles` ADD CONSTRAINT fk_user_id
    FOREIGN KEY (user_id) REFERENCES users(id)
    ON UPDATE CASCADE ON DELETE CASCADE;

DROP TABLE IF EXISTS messages;
CREATE TABLE messages (
	id SERIAL PRIMARY KEY,
	from_user_id BIGINT UNSIGNED NOT NULL,
    to_user_id BIGINT UNSIGNED NOT NULL,
    body TEXT,
    created_at DATETIME DEFAULT NOW(), -- можно будет даже не упоминать это поле при вставке

    FOREIGN KEY (from_user_id) REFERENCES users(id) ON UPDATE CASCADE ON DELETE CASCADE,
    FOREIGN KEY (to_user_id) REFERENCES users(id) ON UPDATE CASCADE ON DELETE CASCADE
);

DROP TABLE IF EXISTS friend_requests;
CREATE TABLE friend_requests (
	-- id SERIAL PRIMARY KEY, -- изменили на составной ключ (initiator_user_id, target_user_id)
	initiator_user_id BIGINT UNSIGNED NOT NULL,
    target_user_id BIGINT UNSIGNED NOT NULL,
    -- `status` TINYINT UNSIGNED,
    `status` ENUM('requested', 'approved', 'declined', 'unfriended'),
    -- `status` TINYINT UNSIGNED, -- в этом случае в коде хранили бы цифирный enum (0, 1, 2, 3...)
	requested_at DATETIME DEFAULT NOW(),
	updated_at DATETIME on update now(),
	
    PRIMARY KEY (initiator_user_id, target_user_id),
    FOREIGN KEY (initiator_user_id) REFERENCES users(id) ON UPDATE CASCADE ON DELETE CASCADE,
    FOREIGN KEY (target_user_id) REFERENCES users(id) ON UPDATE CASCADE ON DELETE CASCADE
);

DROP TABLE IF EXISTS communities;
CREATE TABLE communities(
	id SERIAL PRIMARY KEY,
	name VARCHAR(150),
	admin_user_id BIGINT UNSIGNED,

	INDEX communities_name_idx(name),
	FOREIGN KEY (admin_user_id) REFERENCES users(id) ON UPDATE CASCADE ON DELETE SET NULL
);

DROP TABLE IF EXISTS users_communities;
CREATE TABLE users_communities(
	user_id BIGINT UNSIGNED NOT NULL,
	community_id BIGINT UNSIGNED NOT NULL,
  
	PRIMARY KEY (user_id, community_id), -- чтобы не было 2 записей о пользователе и сообществе
    FOREIGN KEY (user_id) REFERENCES users(id) ON UPDATE CASCADE ON DELETE CASCADE,
    FOREIGN KEY (community_id) REFERENCES communities(id) ON UPDATE CASCADE ON DELETE CASCADE
);

DROP TABLE IF EXISTS media_types;
CREATE TABLE media_types(
	id SERIAL PRIMARY KEY,
	`name` ENUM('video', 'photo', 'music'),
    created_at DATETIME DEFAULT NOW(),
    updated_at DATETIME DEFAULT CURRENT_TIMESTAMP ON UPDATE CURRENT_TIMESTAMP

    -- записей мало, поэтому индекс будет лишним (замедлит работу)!
);

DROP TABLE IF EXISTS media;
CREATE TABLE media(
	id SERIAL PRIMARY KEY,
    media_type_id BIGINT UNSIGNED,
    user_id BIGINT UNSIGNED NOT NULL,
  	body text,
    filename VARCHAR(255),
    `size` INT,
	metadata JSON,
    created_at DATETIME DEFAULT NOW(),
    updated_at DATETIME DEFAULT CURRENT_TIMESTAMP ON UPDATE CURRENT_TIMESTAMP,

    FOREIGN KEY (user_id) REFERENCES users(id) ON UPDATE CASCADE ON DELETE CASCADE,
    FOREIGN KEY (media_type_id) REFERENCES media_types(id) ON UPDATE CASCADE ON DELETE SET NULL
);

DROP TABLE IF EXISTS likes;
CREATE TABLE likes(
	id SERIAL PRIMARY KEY,
    user_id BIGINT UNSIGNED NOT NULL,
    media_id BIGINT UNSIGNED NOT NULL,
    created_at DATETIME DEFAULT NOW(),

    -- PRIMARY KEY (user_id, media_id) – можно было и так вместо id в качестве PK
  	-- слишком увлекаться индексами тоже опасно, рациональнее их добавлять по мере необходимости (напр., провисают по времени какие-то запросы)  

/* намеренно забыли, чтобы позднее увидеть их отсутствие в ER-диаграмме*/
    FOREIGN KEY (user_id) REFERENCES users(id) ON UPDATE CASCADE ON DELETE CASCADE,
    FOREIGN KEY (media_id) REFERENCES media(id) ON UPDATE CASCADE ON DELETE CASCADE
);

DROP TABLE IF EXISTS comments;
CREATE TABLE comments(
	id SERIAL PRIMARY KEY,
    user_id BIGINT UNSIGNED NOT NULL,
    media_id BIGINT UNSIGNED NOT NULL,
    body TEXT,
    created_at DATETIME DEFAULT NOW(),

    FOREIGN KEY (user_id) REFERENCES users(id) ON UPDATE CASCADE ON DELETE CASCADE,
    FOREIGN KEY (media_id) REFERENCES media(id) ON UPDATE CASCADE ON DELETE CASCADE
);

DROP TABLE IF EXISTS `photo_albums`;
CREATE TABLE `photo_albums` (
	`id` SERIAL,
	`name` varchar(255) DEFAULT NULL,
    `user_id` BIGINT UNSIGNED DEFAULT NULL,

    FOREIGN KEY (user_id) REFERENCES users(id) ON UPDATE CASCADE ON DELETE SET NULL,
  	PRIMARY KEY (`id`)
);

DROP TABLE IF EXISTS `photos`;
CREATE TABLE `photos` (
	id SERIAL PRIMARY KEY,
	`photo_album_id` BIGINT unsigned NOT NULL,
	`media_id` BIGINT unsigned NOT NULL,

	FOREIGN KEY (photo_album_id) REFERENCES photo_albums(id) ON UPDATE CASCADE ON DELETE CASCADE,
    FOREIGN KEY (media_id) REFERENCES media(id) ON UPDATE CASCADE ON DELETE CASCADE
);

ALTER TABLE `profiles` ADD CONSTRAINT fk_photo_id
    FOREIGN KEY (photo_id) REFERENCES photos(id)
    ON UPDATE CASCADE ON DELETE set NULL;
    
-- ДЗ "Введение в проектирование БД"
/* Написать cкрипт, добавляющий в БД vk, которую создали на 3 вебинаре, 
3-4 новые таблицы (с перечнем полей, указанием индексов и внешних ключей).
(по желанию: организовать все связи 1-1, 1-М, М-М)*/ 

DROP TABLE IF EXISTS video_albums;
CREATE TABLE video_albums (
	id SERIAL PRIMARY KEY,
    `name` VARCHAR(255) DEFAULT NULL,
	`user_id` BIGINT UNSIGNED DEFAULT NULL,
    FOREIGN KEY (user_id) REFERENCES users (id) ON UPDATE CASCADE ON DELETE CASCADE
    );
    
DROP TABLE IF EXISTS video;
CREATE TABLE video (
	id SERIAL PRIMARY KEY,
    `name` VARCHAR (255) DEFAULT NULL,
    `user_id` BIGINT UNSIGNED DEFAULT NULL,
    `long` TIME NOT NULL, /* TIME варьируется от отрицательного к положительному времени. 
    Какой атрибут следует ему задать, чтобы отрицательные значения не принимались? 
    UNSIGNED тут почему-то подчеркивается, значит не работает с TIME */
	`video_album_id` BIGINT UNSIGNED NOT NULL,
	`media_id` BIGINT UNSIGNED NOT NULL,
    
    FOREIGN KEY (user_id) REFERENCES users (id) ON UPDATE CASCADE ON DELETE CASCADE,
    FOREIGN KEY (video_album_id) REFERENCES video_albums (id) ON UPDATE CASCADE ON DELETE CASCADE,
    FOREIGN KEY (media_id) REFERENCES media (id) ON UPDATE CASCADE ON DELETE CASCADE
);
    
DROP TABLES IF EXISTS music_albums;
CREATE TABLE music_albums(
	id SERIAL PRIMARY KEY,
    `name` VARCHAR (255) DEFAULT NULL,
	`user_id` BIGINT UNSIGNED DEFAULT NULL,
    FOREIGN KEY (user_id) REFERENCES users (id) ON UPDATE CASCADE ON DELETE CASCADE
);

DROP TABLE IF EXISTS music;
CREATE TABLE music (
	id SERIAL PRIMARY KEY,
    `name` VARCHAR (255) DEFAULT NULL,
    `user_id` BIGINT UNSIGNED DEFAULT NULL,
    `long` TIME NOT NULL, /* TIME варьируется от отрицательного к положительному времени. 
    Какой атрибут следует ему задать, чтобы отрицательные значения не принимались? 
    UNSIGNED тут почему-то подчеркивается, значит не работает с TIME */
	`music_album_id` BIGINT UNSIGNED NOT NULL,
	`media_id` BIGINT UNSIGNED NOT NULL,
    
    FOREIGN KEY (user_id) REFERENCES users (id) ON UPDATE CASCADE ON DELETE CASCADE,
    FOREIGN KEY (music_album_id) REFERENCES music_albums (id) ON UPDATE CASCADE ON DELETE CASCADE,
    FOREIGN KEY (media_id) REFERENCES media (id) ON UPDATE CASCADE ON DELETE CASCADE
);

/* HW №4 Практическое задание по теме “CRUD - операции”*/
-- 1. Заполнить все таблицы БД vk данными (по 10-100 записей в каждой таблице).

#
# 1 TABLE STRUCTURE FOR: users
#

INSERT INTO `users` (`id`, `firstname`, `lastname`, `email`, `password_hash`, `phone`, `is_deleted`) 
VALUES 
  ('1', 'Otho', 'Mills', 'mrenner@example.net', '72508652a589717eeee2e09511890773d36cd695', '9585840844', '0'),
  ('2', 'Cordelia', 'Gulgowski', 'mcdermott.hilario@example.com', 'ae4b122b10f86dcdacc5ab79b1a1628cc27b3319', '9999361510', '0'),
  ('3', 'Monique', 'Welch', 'langosh.colleen@example.org', '4ca91216ffc628b11be04b465098afe0c2911faf', '9369205523', '1'),
  ('4', 'Jamir', 'Auer', 'katelyn.mccullough@example.com', '4fbfddf316464a4d8ffc74a62ff99fd002f7db84', '9170200619', '0'),
  ('5', 'Branson', 'Okuneva', 'porter03@example.com', '372f66f2b324e656d18468db9dc61c03ef68a0aa', '9146449104', '1'),
  ('6', 'Wava', 'Feeney', 'koss.derrick@example.org', 'd439f43583deede452926ceaa2d10e42f1189482', '9236214582', '1'),
  ('7', 'Blake', 'Gleason', 'breitenberg.wyatt@example.com', '15f4a19abe3ef96e17e09f3e5ec60454b812138e', '9160068732', '0'),
  ('8', 'Maverick', 'Stark', 'brekke.reta@example.org', '6102e65a092ac5048010c5a2f6d81a5164729a56', '9350411538', '0'),
  ('9', 'Carter', 'Thompson', 'jonathan37@example.net', '805bebaa6e7093fbaa5f414b6fc3ef124ca07c75', '9564133026', '0'),
  ('10', 'Theron', 'Gibson', 'ebert.lane@example.net', 'f7639ad6d50a72c5aeb3875c8abe15f8a04ab02c', '9564306772', '0'),
  ('11', 'Spencer', 'Kovacek', 'betsy.bechtelar@example.net', '59f60dbff5fa0a72a9148c5f90c0265256eeef15', '9793564597', '0'),
  ('12', 'Tia', 'McLaughlin', 'wehner.myrna@example.com', '9e46aab767d9cfc57577a1bca54f26b74390c399', '9009654330', '1'),
  ('13', 'Verdie', 'Ferry', 'qcummings@example.net', 'e7d5ae1b2cf1342359fa9b3d932dc5ab63eea5d6', '9317757406', '1'),
  ('14', 'Omari', 'Cassin', 'abel.wunsch@example.net', '0e6bc3333022be0072c05d26a4a80cc7992ae504', '9077272613', '0'),
  ('15', 'Narciso', 'Kovacek', 'mose39@example.org', 'bfd081080bec41fcf61095a383f07060328873b2', '9471055080', '1'),
  ('16', 'Vernon', 'Haley', 'hritchie@example.org', 'a9c0597c84e8434ce5279d6ee1288a4a034d0a6a', '9914472876', '1'),
  ('17', 'Romaine', 'Cremin', 'vbradtke@example.com', '0e7d2da0ae21f18be1a1059ca126f156c7bd6068', '9743024091', '1'),
  ('18', 'Carleton', 'Leuschke', 'rolfson.blanca@example.org', 'f3dad44dd88a9cbefacf6b5cefe453460a1f09c9', '9044485467', '0'),
  ('19', 'Winnifred', 'Stoltenberg', 'prunte@example.com', '3691a685ecae21a6c6b3fdfa233c8f94c00c7359', '9918431544', '0'),
  ('20', 'Hiram', 'Bechtelar', 'pfeffer.skylar@example.org', '051c48fe6ad4cd307a17afc9825a33463b85e0fc', '9664685109', '1'),
  ('21', 'Alayna', 'Braun', 'maiya55@example.org', 'ce2e3f822de0c1fb8b37a99254a6218e398b85e5', '9083797836', '0'),
  ('22', 'Jerod', 'Oberbrunner', 'rosinski@example.org', 'f9f514a212f9ba4741c1a42e2d7769e41785e7c8', '9231032169', '1'),
  ('23', 'Gerald', 'Anderson', 'tre60@example.org', '7f0122e4c1b7f95adb3f81af769b4cd748cb9a75', '9577479420', '1'),
  ('24', 'Gianni', 'Veum', 'lucinda.grimes@example.net', '02aca117f8cb680c7eaf12952778fb2cc88265e3', '9358089130', '1'),
  ('25', 'Cornell', 'McCullough', 'aiyana75@example.com', '8bf056d63b49b622aad81ded1548d036c5baccd1', '9175729501', '1'),
  ('26', 'Golda', 'Harris', 'marjory38@example.org', '9c9ec4b6016234914681dd2b59dcf91c45404fdf', '9449917787', '0'),
  ('27', 'Aurelie', 'Gleason', 'whamill@example.net', '0f7640fa4f0d4fe0f3f2b5b7d68997624f45b8fd', '9370814213', '1'),
  ('28', 'Aurelia', 'Rohan', 'willms.ludie@example.org', '5304e43dad441f06166aca328ddb69061ef4ec7f', '9136936641', '0'),
  ('29', 'Reilly', 'McLaughlin', 'jena06@example.com', 'd868c71a27b1b50aafd7797f59db09b89310e065', '9217008773', '1'),
  ('30', 'Harry', 'Reichel', 'kcrist@example.com', '732dbcc1426edece16b54530d0d717ef9c7c516f', '9652325713', '1'),
  ('31', 'Bud', 'Jaskolski', 'towne.trycia@example.org', '39e4adf0133ae4455eb95e0749a78c1b383b252d', '9355129998', '0'),
  ('32', 'Milton', 'Herman', 'tristin97@example.org', '0f3de01ccada0d6e8f2083cce652eaa56b111ccd', '9869850495', '1'),
  ('33', 'Noemie', 'Connelly', 'brian52@example.net', '1f77d09946b4141b8af7e0545ebf1233bd33e9d6', '9312944699', '1'),
  ('34', 'Donna', 'Huels', 'vernon.huels@example.com', '2a0454287a22203a58fc29ccc44337465ff1fb12', '9395918297', '1'),
  ('35', 'Greyson', 'Goodwin', 'santiago01@example.net', 'b7e64626c73639f59a1f9ddf8ec5e2570855be06', '9718389513', '1'),
  ('36', 'Emanuel', 'Hoeger', 'tony10@example.com', '80ce7d7021318e7b319c4f70a60ef205c18562ae', '9089173046', '0'),
  ('37', 'Amira', 'Jast', 'eric.rice@example.org', '3f9fcd8a89ceb6307b0b9778564aeb0f22507662', '9533581004', '0'),
  ('38', 'Carmen', 'Friesen', 'njohnson@example.net', '7cd426f0837bdbca6c969e0eeddec18d65db1d09', '9605229388', '0'),
  ('39', 'Dangelo', 'Walter', 'feest.lizeth@example.com', '13a837f91a2f8c0b89bd35352166c12f5fc3ad47', '9793547031', '0'),
  ('40', 'Selmer', 'Weimann', 'plangosh@example.org', '135352494358710f24b857b44ef5e12ac13377c6', '9790938199', '0'),
  ('41', 'Kade', 'Dach', 'stanton.sean@example.net', 'd60f7c139f74380546cd40c1cf04a9a21b423dff', '9168011613', '1'),
  ('42', 'Telly', 'Stamm', 'qwalker@example.net', 'e63854dc44d4566ed17bd8a026f24f54f3caa286', '9825633549', '1'),
  ('43', 'Rashad', 'Oberbrunner', 'geovany18@example.net', '6e328c060ca1b5b7d8da7b8f43f942809fe9fd37', '9740890688', '1'),
  ('44', 'Madalyn', 'Pfeffer', 'goldner.brent@example.com', 'ea9d15ee1ea2b03be816a45c899dfef6b95ecf94', '9970653308', '0'),
  ('45', 'Dax', 'Schiller', 'abdul.hermiston@example.com', '406e2338d42a01569853628d9e7c0ba6d3b8992a', '9372024592', '1'),
  ('46', 'Antonina', 'Beier', 'celestine.schneider@example.org', '4c6106c77cbedb5efa518c81bfe60924e19f1455', '9066139590', '0'),
  ('47', 'Maryjane', 'Roberts', 'ritchie.ernesto@example.org', '7bbb4f0de9d247d61e63d75454d9965aeaa5fbc9', '9253551258', '0'),
  ('48', 'Kristin', 'Hoeger', 'gorczany.raoul@example.org', 'b9157156032857741e41f8ee3ad0c0d1a1e9026b', '9806624771', '1'),
  ('49', 'Shemar', 'Hyatt', 'madonna.botsford@example.com', '7c89988d9d8584d846e2918f634d6df620d11a85', '9296054768', '0'),
  ('50', 'Ettie', 'Windler', 'emelie59@example.net', 'c0b7196e2712419b290a79020b4ab7c3081fd153', '9312604190', '0'),
  ('51', 'Xzavier', 'Predovic', 'akonopelski@example.com', 'edd5e1c2cf545adcff2d64997fa9faf2c5555e21', '9437281902', '0'),
  ('52', 'Rose', 'Jacobson', 'roy.flatley@example.org', '765efeeb474aef6ff127ebe81dd3da694702f70b', '9958236773', '1'),
  ('53', 'Dorris', 'Rolfson', 'jett.oberbrunner@example.org', 'abef412c1d82f03a1baebe5228c448c7e4280cda', '9413102206', '1'),
  ('54', 'Bernardo', 'McDermott', 'queen08@example.org', '432b1fb155b3ed615b0c3da73868bf004cafe762', '9435527152', '1'),
  ('55', 'Richard', 'Hauck', 'renner.salvador@example.org', 'b22e3ca438104c122e865357f132029c6145bfc1', '9587543150', '0'),
  ('56', 'Shakira', 'Gutkowski', 'cruickshank.buford@example.com', 'f316f6d8258769fcaf17e05e59d43b6ae6e779ab', '9909269702', '0'),
  ('57', 'Kaylin', 'Mohr', 'wilburn.feest@example.org', '10a5b7df3dd5a0392f628cd9e145c04684bc2c7c', '9668571515', '1'),
  ('58', 'Darrel', 'Heidenreich', 'hubert.harvey@example.com', '61311e35d3471c6f69af2219efab2aabca7c7a8f', '9177824596', '0'),
  ('59', 'Jasmin', 'Kuhn', 'koch.myrtice@example.net', '41797a33878181872535f8732cbfb365bed48387', '9139800801', '1'),
  ('60', 'Gillian', 'Adams', 'manley99@example.net', '793c15af3ed3e5780f783e9e4785135e6020f339', '9151071360', '1'),
  ('61', 'Jovanny', 'Goldner', 'katelynn00@example.org', 'cb693016db317483528c9c519b6c607ec96d026c', '9249079994', '0'),
  ('62', 'Alexzander', 'Moen', 'furman.swift@example.net', '6287a12e5a9103025a5e3d26fe87e13eb319f4e9', '9703397829', '1'),
  ('63', 'Hugh', 'Thiel', 'baumbach.kristina@example.org', '330260a12f26c51c4cd24ea1c46ea6b62c6910f0', '9233671448', '1'),
  ('64', 'Aliza', 'Kessler', 'rowe.ezra@example.com', '8a0683d42755e8c906274959ce90421041e89342', '9631530645', '1'),
  ('65', 'Owen', 'White', 'archibald.lowe@example.net', '0692e12eeb05dc28a04834c9587044586c05286e', '9716673099', '0'),
  ('66', 'Anahi', 'Marks', 'haag.roy@example.net', '29ece2aff47efa592dc100912db5deb2ed09c908', '9070843509', '1'),
  ('67', 'Lavada', 'Boyle', 'ecassin@example.org', '389f2d7234a7df6cf8030491cf70b9ca9ff95503', '9202410729', '0'),
  ('68', 'Meggie', 'Yost', 'ocole@example.com', '0e8977eb2689744313f9928e72c00de0c77959c6', '9434407870', '1'),
  ('69', 'Jarrell', 'OConner', 'rohan.dortha@example.com', 'e90d5c145669f9fee4d34432c34e2f5de8f64589', '9494966875', '1'),
  ('70', 'Noel', 'Towne', 'tgusikowski@example.com', 'da271aa87ffaac7465bcf4054005d7a6026bfd98', '9927195514', '0'),
  ('71', 'Hildegard', 'Harber', 'mstrosin@example.net', '7b5ddb5f9616022a5a419248e93c177d8997aeaa', '9747702311', '1'),
  ('72', 'Dulce', 'Zboncak', 'phyllis08@example.net', '7af9e0ea028b722c2c7e29465b92eac051f50211', '9359604082', '1'),
  ('73', 'Kenneth', 'Crooks', 'parker.santino@example.com', '31d9147485f60b7862dc167fd3612ee12787eca6', '9544714810', '1'),
  ('74', 'Lee', 'Beahan', 'osvaldo.jacobs@example.net', '1f762303742a2a7fa721b4c677dc9c1ff5a34b07', '9785176524', '1'),
  ('75', 'Alda', 'Fadel', 'herzog.jedediah@example.com', '3ae964ad0bb02c80ea045155bc92238370dbd834', '9044181159', '0'),
  ('76', 'Neha', 'Hagenes', 'cortez01@example.org', 'eae9b1179882f2491cf77a3a26e6d2792ea35c3a', '9069182213', '0'),
  ('77', 'Savion', 'Reilly', 'sierra25@example.org', '6e62cd9d895066746bef6e48e7491cfe05b802a7', '9043188247', '1'),
  ('78', 'Lawrence', 'Rath', 'terence29@example.net', '7a3870eb725ba9e47043a3b95aa41c8c76247c3b', '9135198216', '0'),
  ('79', 'Wanda', 'Marquardt', 'bill.walsh@example.com', 'a35a17938d67950ed0cda420f215d781e36b3a8f', '9770634355', '1'),
  ('80', 'Favian', 'Raynor', 'tito61@example.net', '1383251d8a0775df7c5f6ba64a733ed8ee967f95', '9394624873', '0'),
  ('81', 'Timothy', 'Klein', 'anya95@example.net', 'effedee0b64e2d24ca27d7898aaaa0bc790ea6dc', '9750861721', '1'),
  ('82', 'Myrl', 'Cremin', 'blaze64@example.com', 'dee99f996f7cab62c4e6bd89bcd190fc63722fe4', '9812871751', '1'),
  ('83', 'Soledad', 'Graham', 'upton.dan@example.net', '20816325ea0f19356cb89e25cb283b95427b83a3', '9855421677', '1'),
  ('84', 'Alfonzo', 'Haley', 'erunte@example.org', 'de6756c351be6d28486536dd3eb465b9259f5aa6', '9478155170', '0'),
  ('85', 'Noelia', 'Heathcote', 'caltenwerth@example.net', '270bf206f5fa1ae0b04c5d4f360be14e88995f9e', '9129362544', '0'),
  ('86', 'Janie', 'Watsica', 'wayne.thiel@example.com', '2378edb216d861a05812fbc9b5734fbdc7ed0c23', '9475941681', '0'),
  ('87', 'Kaci', 'Deckow', 'nelle78@example.net', 'c58fd4abec965b5d5ca75b116abb04419f5ca3ea', '9818955978', '1'),
  ('88', 'Ryley', 'Dare', 'oral.dickinson@example.com', '026056f24d860a26bc86e1f0cbfcd895c1586b90', '9067671581', '1'),
  ('89', 'Muriel', 'Barton', 'powlowski.kaia@example.net', 'b93277d7c6802355a8d18669115bcf40b43e1ee8', '9673898242', '0'),
  ('90', 'Laurie', 'Feest', 'josephine.considine@example.com', '23350a32cf50f2c11a84ab8ff80609b6a9b809b7', '9730658197', '0'),
  ('91', 'Demetris', 'Reynolds', 'heller.margaret@example.org', 'd9a36b868eef65ce17736e6cfac913bc72eac1ef', '9155702463', '0'),
  ('92', 'Moriah', 'Cruickshank', 'hermina.swift@example.org', '9b4708d032ba135b865b0e5489303ea23194eeb8', '9135468423', '1'),
  ('93', 'Jacinthe', 'Schiller', 'guy63@example.org', 'f168a96c926d0c6a5f568813278672b6a6b1390f', '9212867890', '0'),
  ('94', 'Rod', 'Frami', 'weber.samson@example.org', '81106ebf11c8dc7d96c9db381d7f58aa1f60c6c9', '9365374634', '0'),
  ('95', 'Sydni', 'Fadel', 'lucius86@example.net', 'e9d05d580853f756b4f063efc45a041c6ac15f54', '9960116176', '0'),
  ('96', 'Denis', 'Bernier', 'kuhic.makenzie@example.org', '29520887068228f060b0e222d96c564afecf038c', '9283545346', '1'),
  ('97', 'Bret', 'Leffler', 'carmine.upton@example.org', 'b42af4771295279e7abb0e1ddf93c30e3410e800', '9146668990', '1'),
  ('98', 'Ashley', 'Funk', 'flatley.nona@example.net', 'ca353db35f0aee9db34248bb06ac1369161d7368', '9860858486', '0'),
  ('99', 'Willa', 'Considine', 'madge32@example.com', '61cc743b2fb22ba30a7bd07391d4ada5acae27d7', '9319040171', '1'),
  ('100', 'Gabriella', 'Wyman', 'mariano82@example.org', '7f297c931865a7f48739633b8d78f664b68f611d', '9416258316', '1');

#
# 2 TABLE STRUCTURE FOR: messages
#

INSERT INTO `messages` (`id`, `from_user_id`, `to_user_id`, `body`, `created_at`) 
VALUES ('1', '90', '1', 'Saepe eveniet quam dolores omnis aut. Atque dolore impedit et repellat incidunt voluptatibus et et. Autem eius consectetur vel. Maiores omnis fuga sed eaque excepturi eaque occaecati non.', '1998-07-03 12:52:35'),
  ('2', '16', '2', 'In qui et expedita sit alias. Ducimus voluptates ducimus quos nostrum nesciunt. Tempore et alias unde voluptatem ut.', '1981-07-06 01:32:09'),
  ('3', '9', '3', 'Et ut eveniet laborum id. Porro maiores voluptatem voluptatum natus quae molestiae doloribus. Libero accusamus aspernatur sit officia maxime cum. Et qui ratione voluptas labore est est quibusdam expedita.', '1980-11-21 03:24:09'),
  ('4', '58', '4', 'Neque voluptatem inventore excepturi facilis facere est molestiae. Unde voluptas officia perferendis sit voluptate quae.', '1992-06-09 10:57:03'),
  ('5', '80', '5', 'Aliquam iure provident id inventore eos eaque molestiae. Error assumenda quaerat ut quis ea ut. Quia id dignissimos at minus molestiae laborum. Nostrum quia ea ut pariatur sunt ut.', '2008-03-21 14:10:46'),
  ('6', '22', '6', 'Et quia nulla sed nihil sit voluptatibus dicta. Quibusdam reiciendis praesentium molestiae error voluptatibus quaerat magni officia. Necessitatibus atque eligendi sit id. Est voluptas non saepe est.', '2020-08-17 16:18:16'),
  ('7', '64', '7', 'Omnis possimus quaerat enim rerum aut ad. Eveniet iste ad et aperiam assumenda molestiae debitis. At at accusamus corrupti magnam cum dicta. Explicabo modi adipisci esse labore exercitationem aut voluptatem distinctio. Quisquam quod ea aspernatur.', '2004-05-19 20:06:12'),
  ('8', '43', '8', 'Possimus dolorum modi quisquam quo et et. Autem iusto consequatur tempore cupiditate. Ad sapiente veniam dolorum tempore. Mollitia possimus vero qui sint.', '2004-07-29 04:51:43'),
  ('9', '34', '9', 'Non occaecati recusandae et. Doloribus non placeat molestias facilis non et. Tempora eos ab pariatur et iste. Officia reprehenderit eveniet quia facere similique.', '2001-08-18 00:51:18'),
  ('10', '54', '10', 'Aliquid ut est perferendis sequi. Ut qui nulla nihil. Odio et quia fugiat et.', '2019-03-23 05:27:09'),
  ('11', '8', '11', 'Libero voluptatem ut libero ex nesciunt quo qui. Minus sed doloribus pariatur unde. Adipisci expedita cum hic ad.', '1974-12-05 07:44:49'),
  ('12', '2', '12', 'Est omnis et dolore eos saepe voluptatum. Et et aliquid ut blanditiis. Non labore fuga dolores rerum maxime ad accusamus.', '2001-01-24 21:22:29'),
  ('13', '36', '13', 'Et autem ut voluptatem enim vel. Ex inventore veritatis sed quod. Illo qui dolores est perferendis.', '2010-07-14 04:04:26'),
  ('14', '21', '14', 'Debitis deleniti et exercitationem fugit. Minima minus cupiditate natus accusantium odit. Id rem enim explicabo soluta aut. Maxime odio et voluptas.', '1989-02-23 06:56:02'),
  ('15', '13', '15', 'Voluptatum quaerat accusantium distinctio maxime at debitis. Earum voluptatem eaque adipisci vel facere tempore. Dolorum quas voluptatem inventore et aliquid.', '1981-02-26 04:05:31'),
  ('16', '23', '16', 'Enim distinctio sed vitae blanditiis vitae voluptatem fugiat. Sit nulla recusandae ea repellendus repellat.', '2008-02-29 10:40:22'),
  ('17', '23', '17', 'Vitae vel autem pariatur veritatis voluptatem. Sed cum et dolores ut. Minima suscipit eum sapiente omnis. Ab enim sit harum omnis fuga id necessitatibus modi.', '1998-10-03 15:00:31'),
  ('18', '47', '18', 'A officiis officiis in voluptate inventore voluptates nemo. Quam ut sequi vero at animi qui sit. Et earum quae occaecati nostrum et.', '1997-01-10 18:08:20'),
  ('19', '75', '19', 'Explicabo placeat voluptatum quidem maxime delectus tempora expedita. Cum et qui dolorem.', '2016-01-31 09:04:44'),
  ('20', '61', '20', 'Voluptas voluptatem rem voluptas. Tempora consequatur molestias non nobis sint. Inventore voluptatem eum reiciendis tempore nemo. Natus vel voluptatibus beatae ex recusandae magnam quis vero.', '2013-09-30 21:40:43'),
  ('21', '40', '21', 'Et pariatur illo rerum earum et cumque aut ut. Neque ipsa quia blanditiis voluptatem ab. Inventore neque ducimus error aut porro consequatur. Vitae repellat aut sed.', '2010-01-07 10:06:42'),
  ('22', '63', '22', 'Quo quo quis vel adipisci accusantium aut. Nobis corrupti quas facilis recusandae et aut. Doloribus dolorum assumenda velit aut molestiae nobis.', '1975-05-31 04:56:16'),
  ('23', '9', '23', 'Quod nesciunt sit facilis et sit officia. Ut ab quia est eligendi numquam voluptatibus sint. Aut ea optio error eius velit porro.', '1990-08-22 03:09:09'),
  ('24', '97', '24', 'Corrupti reprehenderit dicta consequatur repellendus. Aspernatur et nesciunt quam quia. Suscipit quae est quae recusandae vitae. Hic minus quisquam dolores deleniti est soluta. Ab earum sit tempore sed dolorem.', '1996-08-16 16:24:17'),
  ('25', '88', '25', 'Incidunt et sit sunt minus temporibus. Fuga sint voluptates et consequatur veniam est. Nam explicabo expedita iste neque qui quibusdam voluptatem. Et aut ad non illum odit consequatur et repellendus. Inventore error aliquid et qui.', '1995-05-04 01:44:39'),
  ('26', '24', '26', 'Aut error tenetur mollitia quia doloremque atque. Illum autem et ipsum adipisci voluptatem suscipit. Magni corporis molestiae id culpa dolorem et iste. Similique eos cupiditate perspiciatis vero laboriosam laborum aut.', '1976-11-13 08:04:55'),
  ('27', '60', '27', 'Eum eum odit deserunt cupiditate. Doloremque sunt pariatur quia et dolores.', '2004-12-22 13:58:52'),
  ('28', '7', '28', 'Omnis sint et vel. Modi earum nemo qui consequatur. Mollitia eius delectus placeat ad nulla rerum voluptatem.', '1988-04-12 21:23:17'),
  ('29', '16', '29', 'Culpa facilis repellendus et id libero ea beatae. Dicta provident dolores ipsum odit voluptatibus rerum. Et officia fuga quaerat explicabo eum. Nostrum voluptates aliquam aut assumenda sapiente.', '1975-05-24 13:31:14'),
  ('30', '11', '30', 'Quia consequatur cumque molestiae libero. Laborum non quia possimus voluptatibus. Unde provident dignissimos dolor minus laudantium. Nulla nisi expedita voluptatibus.', '1978-01-06 05:22:50'),
  ('31', '77', '31', 'Velit culpa aut perspiciatis et quis enim ex ducimus. Ut qui commodi molestiae sed et voluptatem ab inventore. Optio impedit sint commodi id et possimus voluptatem. Dolorum dolorum voluptas voluptatem et eos ipsam.', '2007-12-16 18:22:24'),
  ('32', '28', '32', 'Omnis sequi aut ad non labore. Voluptatem aut voluptatem harum earum hic animi.', '1997-02-18 14:17:06'),
  ('33', '49', '33', 'Id a omnis doloremque sunt aut quasi provident. Et aut necessitatibus repudiandae odit quas consectetur temporibus.', '1998-07-11 06:08:29'),
  ('34', '83', '34', 'Eveniet hic et aliquid temporibus. Provident est ea numquam. Et qui sed natus omnis.', '2010-05-02 01:52:31'),
  ('35', '57', '35', 'Totam ex maiores voluptates veritatis. Iste quia fugit ipsa nihil praesentium architecto et. Ea molestias quibusdam et in qui.', '1975-07-12 15:41:43'),
  ('36', '50', '36', 'Sunt voluptatem pariatur sunt aut soluta. Corporis dolorum illo officia ut dicta. Incidunt quis accusantium suscipit laborum totam. Possimus quis doloribus earum et saepe provident odio.', '1970-09-26 23:57:12'),
  ('37', '63', '37', 'Cupiditate sunt voluptatem ut animi nihil amet aperiam. Et et velit itaque qui non exercitationem sit. Qui iure sit sunt dolorem. Sapiente doloribus error autem ex ut. Perspiciatis autem ut officia quas voluptatem.', '2015-05-15 07:32:03'),
  ('38', '76', '38', 'Accusamus asperiores facere vel rerum magni impedit. Consequatur mollitia molestiae commodi autem vel quia. Accusantium autem rerum aut possimus delectus praesentium voluptatem.', '2010-11-19 08:41:40'),
  ('39', '47', '39', 'Ut tempora libero tempora illum. Autem necessitatibus iusto assumenda vitae quia aperiam qui. Est facere est repellat dolorum sed nihil eum.', '1984-08-17 06:35:44'),
  ('40', '74', '40', 'Quaerat labore et soluta dolore quo. Accusantium sunt unde doloremque dolorem consequatur.', '2010-04-02 13:33:59'),
  ('41', '22', '41', 'Et pariatur ipsum eos reiciendis assumenda rerum quaerat. Et voluptas et sit. Debitis commodi hic esse eos et eligendi iste et. Officia aspernatur aut esse quis.', '1980-09-05 04:50:53'),
  ('42', '63', '42', 'Suscipit sapiente placeat nisi consectetur nesciunt aspernatur. Non excepturi placeat sed voluptatem aut possimus nostrum. Voluptas veniam nobis pariatur quis quae sit aut voluptatem.', '2009-05-08 07:27:53'),
  ('43', '35', '43', 'Mollitia vero id laboriosam consequatur quisquam provident. Magni blanditiis molestias temporibus facere nesciunt officia. Enim nisi maxime dolor dolor enim inventore dolor. Enim alias maxime aliquid voluptatem ipsa quia at. Temporibus exercitationem neque occaecati ut repudiandae.', '2011-05-28 19:33:53'),
  ('44', '91', '44', 'Ut molestiae tempore veniam qui. Animi accusamus architecto amet sit omnis ab omnis. Quibusdam cumque tempore dolore et. Neque omnis facilis necessitatibus laboriosam modi est suscipit.', '2002-06-06 22:42:15'),
  ('45', '95', '45', 'Quod iste nisi voluptatem odit corporis voluptatem dignissimos quibusdam. Sint velit sunt quasi et dicta dicta et sapiente. Voluptatum enim molestias impedit repudiandae voluptas.', '2009-05-01 20:21:02'),
  ('46', '19', '46', 'Delectus voluptatem quos ex in illum blanditiis voluptatem. Dolor nemo velit vitae et omnis non. Perferendis minima quia fuga aut.', '2012-05-25 07:53:05'),
  ('47', '73', '47', 'Ipsum consectetur libero nulla dolore dolorem. Sit maxime nemo dignissimos tempora ipsa sed omnis. Dolorem perferendis perspiciatis perferendis explicabo ut illum. Accusamus consequuntur nisi qui cumque itaque aliquam ut.', '1974-06-09 06:27:31'),
  ('48', '31', '48', 'Ea ullam et ullam architecto ipsa nostrum. Sit totam error iusto et nam quasi maiores. Labore aut id nulla labore et. Hic est laborum tenetur id.', '1991-03-24 20:36:24'),
  ('49', '67', '49', 'Illo asperiores et qui nulla. Recusandae et adipisci rem possimus. Occaecati omnis aspernatur fuga est in. Necessitatibus nemo iure quod voluptates eos molestiae occaecati accusamus. Sit nihil nisi placeat omnis voluptates vero maxime.', '1977-06-02 10:25:03'),
  ('50', '31', '50', 'Velit eos porro consequatur architecto error. Illo amet autem quas aspernatur et fugiat est numquam. Nostrum nesciunt tempore odit sed doloremque modi.', '1994-07-20 01:26:17'),
  ('51', '93', '51', 'Nam qui accusantium est molestias quia. Voluptatem id delectus beatae rem. Unde est sint impedit molestiae ipsam. Beatae amet autem qui voluptatem.', '1993-02-22 11:43:58'),
  ('52', '83', '52', 'Aliquid et rerum et cum saepe. Provident veritatis quod ipsum aliquid. Aliquid officia aperiam quidem suscipit saepe unde sunt.', '2016-06-12 17:58:07'),
  ('53', '64', '53', 'Cumque at enim atque itaque. Sit illum sed ut occaecati qui perspiciatis ullam. Est distinctio perspiciatis omnis facilis vel. Voluptatibus tempore nam omnis.', '2004-01-20 08:44:20'),
  ('54', '77', '54', 'Sunt voluptate repellat dolores. Maxime quidem quos odit totam ut et et. Debitis enim quam in autem similique distinctio quia. Saepe ex nisi qui est.', '2013-05-13 11:47:05'),
  ('55', '28', '55', 'Sunt temporibus quibusdam ab. Occaecati pariatur rem quo at ducimus. Voluptatem quod illum harum quam omnis. Aut non incidunt quas quia qui eveniet.', '1971-05-04 15:22:07'),
  ('56', '48', '56', 'Sunt ullam corporis repellat esse. Ut et omnis minus aut voluptatum. Et et tenetur aperiam quasi. Itaque odio voluptatibus molestiae maxime nemo earum enim.', '1995-05-02 18:14:25'),
  ('57', '57', '57', 'Id maiores non sed sit ut sed. Omnis repudiandae et et esse qui. Voluptas labore quia ab consequuntur ab.', '1998-10-04 11:24:48'),
  ('58', '74', '58', 'Dicta vitae illum dolore itaque soluta. Iure ipsa ipsam et quas. Qui commodi nam et doloremque dignissimos quia dolorem. Ea ratione odio omnis laudantium dolorum.', '2012-07-12 17:27:13'),
  ('59', '20', '59', 'Sed distinctio ut esse aut sunt. Voluptatum aut ab recusandae nesciunt amet. In est non corporis esse.', '1984-01-24 15:42:59'),
  ('60', '22', '60', 'Inventore sunt nesciunt et expedita quos ad. Labore molestias et eaque aspernatur quo ad aut optio.', '2018-09-24 16:03:27'),
  ('61', '83', '61', 'Blanditiis laudantium vitae porro nam. Quis ea earum debitis ea laboriosam est aut. Recusandae et autem beatae voluptate qui.', '2020-07-19 09:17:43'),
  ('62', '59', '62', 'Aut error fugiat qui vel. Rerum ullam qui est laudantium consequuntur est nihil. Officia est autem pariatur consequatur in. Natus inventore et et reprehenderit voluptas aut delectus.', '1999-10-10 18:35:04'),
  ('63', '4', '63', 'Quaerat aliquam molestiae consequatur explicabo debitis architecto libero facilis. Omnis tempore accusamus autem inventore harum nam et. Voluptate quia earum dolore. Quisquam sit et et perferendis.', '1995-04-22 18:15:46'),
  ('64', '50', '64', 'Quia beatae laudantium ex reiciendis. Iure molestias qui nam ducimus. Distinctio molestiae vero occaecati consequatur tempora.', '2013-12-14 19:18:02'),
  ('65', '5', '65', 'Cumque quia aut et id eos. Itaque ut asperiores enim ab. Mollitia voluptatem nemo laborum et. Qui exercitationem illum consectetur voluptatem odit magnam enim.', '2013-08-30 17:51:12'),
  ('66', '66', '66', 'Consequatur doloremque tempora nam quaerat. Aut nulla amet molestiae. Sapiente consequatur quo omnis. Nobis eos assumenda explicabo veritatis.', '1975-06-30 05:19:44'),
  ('67', '49', '67', 'Natus eum nihil maxime necessitatibus. Eos at labore quibusdam ipsum omnis minima sit. Ex tenetur dolores dolores nesciunt voluptas.', '1979-09-20 14:27:06'),
  ('68', '27', '68', 'Vitae voluptates asperiores cupiditate labore itaque. Nostrum voluptatem similique consequatur. Magnam reprehenderit aut dolor enim. Sit qui dignissimos molestiae officiis.', '2006-11-26 17:51:07'),
  ('69', '91', '69', 'Enim commodi perspiciatis illum distinctio exercitationem officiis recusandae. Sed vero commodi quaerat voluptate. Dolorum voluptatem sit porro corrupti error aut. Sit quod nihil soluta deleniti a saepe tempora. Voluptatibus aut esse odio error ullam quia excepturi.', '1988-04-17 10:31:27'),
  ('70', '9', '70', 'Aut magnam aut quam. Expedita aut corrupti debitis fugit. Cumque sed praesentium ipsum corporis.', '2004-06-02 12:30:21'),
  ('71', '59', '71', 'Atque esse ratione et rerum sed. Corporis ratione quas quis possimus voluptatum amet. Illo excepturi porro consectetur quia temporibus veniam omnis maxime. Magnam in quo possimus vel et quae.', '1987-12-04 23:49:28'),
  ('72', '89', '72', 'Voluptatum ea voluptatem praesentium voluptas. Quod ad quos quam et dignissimos consequatur dolor. Sed totam eos qui in et distinctio voluptatem qui.', '1982-12-24 04:31:37'),
  ('73', '49', '73', 'Est voluptatem quis enim facilis. Culpa ipsa optio possimus error eum. Expedita nulla facere tempore aut aut reiciendis. Aperiam voluptatem facere illum maiores consequatur iure quo.', '1990-05-06 06:57:05'),
  ('74', '32', '74', 'Nostrum quo nihil quis numquam deleniti. Sunt est perspiciatis repudiandae sed.', '2016-08-03 22:06:06'),
  ('75', '94', '75', 'Modi corporis qui qui minima. Laboriosam non saepe inventore minus enim modi laudantium maxime. Quod facilis eos et sint qui.', '2002-02-18 09:44:09'),
  ('76', '77', '76', 'Rerum voluptatem aut dolorem animi qui. Et voluptatum cum ut nesciunt. Incidunt sed itaque earum doloremque dolores asperiores tenetur ipsum.', '2009-07-22 00:50:59'),
  ('77', '13', '77', 'Doloremque illum voluptate totam occaecati quisquam. Ullam ullam corrupti necessitatibus reprehenderit ea sequi nihil. Reiciendis deleniti eos sint molestias numquam.', '1997-09-19 03:45:24'),
  ('78', '24', '78', 'Et repudiandae beatae voluptate eos blanditiis eum quos. Rerum a iure voluptatem cupiditate explicabo fuga et. Provident corporis odit consequatur. Amet aperiam mollitia delectus atque accusamus nobis. Consequatur culpa maiores illo non est.', '1997-12-23 05:38:57'),
  ('79', '31', '79', 'Minus quo voluptas voluptatum est. Voluptatem quis velit excepturi. Blanditiis magnam reiciendis consequuntur recusandae fugit.', '1979-02-08 07:32:27'),
  ('80', '21', '80', 'Quam aspernatur maxime accusamus ipsum est. Beatae vel nihil reprehenderit harum. Ut temporibus veritatis voluptas exercitationem.', '2004-12-19 14:43:16'),
  ('81', '69', '81', 'Commodi aut iste ex sed. Rem corrupti perspiciatis quia tempore aut. Explicabo molestiae quidem veniam doloremque dolorem.', '1995-10-10 18:38:20'),
  ('82', '33', '82', 'Aut distinctio ullam quo et eum. Hic dolore recusandae neque eveniet officiis optio quo nostrum. Fugiat minima maiores et quam quia accusantium.', '2012-03-20 12:52:56'),
  ('83', '65', '83', 'Sit voluptatum consequatur sint voluptatem sint. Debitis minus eius quas ex provident sit et. Corrupti eum velit nam pariatur eligendi ut ut.', '1982-11-28 16:01:54'),
  ('84', '1', '84', 'Suscipit autem earum non qui. Laborum fugiat placeat nam libero. Sunt est dolores totam delectus.', '2000-03-08 11:35:46'),
  ('85', '49', '85', 'Sapiente sequi ut et libero libero praesentium est. Officia rerum ipsa corrupti sed. Voluptas hic doloribus et sed. Et dolor sint suscipit expedita quibusdam.', '1996-01-09 23:09:46'),
  ('86', '7', '86', 'Quas asperiores deleniti beatae aliquid quam quis et. Iure rerum veniam sint possimus dolores. Dolore ut vel error qui sapiente quam. Consequatur harum molestiae fugiat velit accusantium quia. Modi quae similique voluptas ea quisquam corrupti dolore.', '2004-06-12 21:04:28'),
  ('87', '8', '87', 'Temporibus et praesentium perferendis placeat est. Officia perferendis atque reiciendis occaecati. Omnis dolor beatae labore provident ipsa est. Quis quia repudiandae est cum perferendis est.', '1996-04-29 19:57:49'),
  ('88', '43', '88', 'Quos repudiandae autem expedita aut sit voluptates. Omnis qui illo voluptas ut. Enim neque sunt et dolores et veritatis deleniti. Quo rerum unde unde facere aliquam non totam. Quis nihil quos ut quas et quod architecto.', '1971-04-20 13:31:35'),
  ('89', '85', '89', 'Quas rerum corrupti voluptates deleniti. Tenetur sed neque ducimus omnis rerum quos. Consequuntur voluptates beatae repellat et consequatur aperiam velit.', '1972-02-09 05:46:42'),
  ('90', '48', '90', 'Odit animi doloribus voluptatem esse. Ipsam sunt quod magnam labore ut. Perspiciatis officia ipsa dignissimos deleniti qui. Odio blanditiis et in dolorem dolor qui aut. Non fuga et illum voluptatibus consequatur.', '2001-10-23 10:33:10'),
  ('91', '24', '91', 'Quidem laboriosam qui labore est cum et. Quam reprehenderit dolores quidem eum et ad voluptas. Rem fuga consectetur iusto. Architecto omnis ut repellendus rem facere.', '2005-10-06 20:40:10'),
  ('92', '29', '92', 'Totam ducimus debitis assumenda nihil consequuntur. Odio tempora veritatis ducimus vel quasi voluptatum fuga. Rerum minima ut voluptatem. Placeat beatae exercitationem est voluptas.', '1974-03-23 12:15:17'),
  ('93', '87', '93', 'Repellendus nostrum ipsum temporibus. Blanditiis veritatis voluptas eius dolores laudantium. Sint dolores cupiditate dolorum at.', '2012-02-12 12:22:09'),
  ('94', '27', '94', 'Eveniet sit nisi placeat rem et est et ad. Nulla voluptas quae est. Ab qui ex ut perspiciatis aut aut reiciendis.', '2003-02-28 03:06:28'),
  ('95', '66', '95', 'Doloremque et unde iste non quae accusamus eos. Quod voluptatem illum aspernatur velit illum deserunt ipsa. Quod aut quod et vero.', '2000-07-23 20:41:34'),
  ('96', '76', '96', 'Voluptas voluptatem neque et qui eligendi. Corporis ab tempore nam numquam consequatur dicta. Est voluptatum voluptas dolores.', '1994-07-22 19:42:11'),
  ('97', '39', '97', 'Expedita voluptatem sed nulla adipisci nisi. Ut ab alias laborum ut. Doloremque sit sed inventore veritatis adipisci rerum iusto.', '2015-07-01 01:01:28'),
  ('98', '62', '98', 'Id et perspiciatis laborum molestiae possimus excepturi blanditiis. Et facere blanditiis beatae quo fugiat repellat ipsum. Aut dolor consequatur aut omnis. Culpa sed doloremque debitis perspiciatis itaque nesciunt.', '1987-09-12 15:05:21'),
  ('99', '33', '99', 'Quisquam voluptatem quo officia. Ratione numquam placeat quo nostrum sunt voluptatem aut. Aspernatur earum nihil animi aut. Voluptas est amet voluptates in.', '1986-02-22 02:18:49'),
  ('100', '82', '100', 'Quae maiores facere eos nostrum officia nostrum sapiente. Et et earum consequatur aut. Nobis est quis est ut.', '1976-05-29 07:38:27');

#
# 3 TABLE STRUCTURE FOR: friend_requests
#

INSERT INTO `friend_requests` (`initiator_user_id`, `target_user_id`, `status`, `requested_at`, `updated_at`) 
VALUES 
  ('1', '62', 'declined', '1981-12-22 15:39:58', '2009-09-29 13:16:41'),
  ('2', '89', 'approved', '1972-02-12 04:02:34', '1984-07-19 23:45:47'),
  ('3', '87', 'unfriended', '1992-05-10 05:32:40', '2001-07-13 21:21:33'),
  ('4', '65', 'unfriended', '1994-04-11 01:54:00', '1995-11-18 10:33:43'),
  ('5', '22', 'approved', '1997-07-26 05:14:30', '2010-09-04 02:55:28'),
  ('6', '57', 'requested', '1991-01-06 17:01:58', '2007-10-11 02:41:35'),
  ('7', '33', 'approved', '2003-03-22 16:28:37', '1987-10-12 09:47:30'),
  ('8', '100', 'declined', '2001-08-09 13:17:48', '2011-08-03 22:11:36'),
  ('9', '3', 'unfriended', '1972-04-18 04:49:12', '2006-10-19 03:37:19'),
  ('11', '32', 'requested', '1971-07-24 06:20:40', '2018-01-19 20:11:41'),
  ('11', '47', 'approved', '1987-09-19 23:53:25', '2018-06-29 11:32:57'),
  ('15', '39', 'declined', '2009-06-02 03:35:21', '1983-06-05 21:31:31'),
  ('19', '19', 'approved', '1983-12-05 03:58:56', '1999-08-26 13:53:11'),
  ('19', '94', 'unfriended', '1991-08-09 11:41:54', '2003-03-20 23:46:21'),
  ('23', '17', 'unfriended', '1997-09-03 05:46:20', '1993-11-19 11:33:41'),
  ('24', '79', 'declined', '1984-01-08 03:54:13', '2017-02-16 03:48:24'),
  ('25', '30', 'approved', '1996-07-07 13:08:51', '2012-07-29 01:22:52'),
  ('26', '51', 'approved', '1975-09-20 21:00:31', '1993-02-18 22:32:08'),
  ('26', '76', 'unfriended', '1978-08-14 08:30:39', '1973-05-10 15:43:14'),
  ('26', '84', 'unfriended', '1983-04-12 16:02:47', '1986-08-27 16:55:26'),
  ('27', '80', 'unfriended', '1999-06-04 07:24:59', '1983-12-21 13:03:53'),
  ('27', '99', 'approved', '1989-07-04 02:21:15', '1990-03-23 14:19:38'),
  ('28', '21', 'unfriended', '1988-06-28 13:02:53', '1971-10-04 10:11:19'),
  ('29', '8', 'declined', '2015-12-29 21:13:08', '1991-11-18 14:52:02'),
  ('29', '41', 'requested', '1989-11-01 10:41:55', '1972-06-30 09:33:28'),
  ('33', '55', 'declined', '2018-06-03 20:00:58', '1999-03-25 21:42:24'),
  ('33', '88', 'approved', '2008-09-09 16:49:26', '2000-02-11 16:12:03'),
  ('34', '98', 'declined', '1983-07-31 17:17:26', '2019-12-26 08:16:42'),
  ('35', '58', 'declined', '2014-12-03 05:54:33', '1971-09-15 07:35:17'),
  ('35', '75', 'unfriended', '1977-06-15 03:36:12', '1993-12-21 00:36:33'),
  ('35', '78', 'requested', '1993-09-04 13:31:56', '1988-11-08 08:21:43'),
  ('35', '93', 'unfriended', '2016-03-31 11:06:45', '1992-08-21 11:05:35'),
  ('36', '37', 'unfriended', '1987-06-20 03:49:47', '1981-04-05 08:43:01'),
  ('36', '96', 'requested', '1992-05-07 02:10:54', '2015-09-24 01:44:46'),
  ('37', '10', 'declined', '1982-01-06 09:05:49', '1983-03-08 18:39:53'),
  ('37', '52', 'unfriended', '2006-10-03 03:50:07', '2013-02-07 03:41:10'),
  ('37', '53', 'requested', '1972-08-30 10:12:26', '2017-02-12 22:20:20'),
  ('39', '25', 'unfriended', '2016-04-04 10:06:31', '2001-05-21 14:59:29'),
  ('40', '45', 'requested', '1994-09-13 08:53:07', '2004-11-19 05:28:39'),
  ('40', '49', 'unfriended', '2014-10-21 04:45:46', '1987-01-03 07:45:29'),
  ('41', '67', 'approved', '2006-07-01 04:50:52', '1999-01-10 02:22:34'),
  ('42', '16', 'approved', '1970-03-25 11:38:38', '2002-09-23 20:28:23'),
  ('42', '24', 'declined', '1996-04-07 07:38:01', '1984-05-23 23:05:29'),
  ('42', '56', 'approved', '2004-01-18 19:39:25', '1978-05-22 03:06:40'),
  ('42', '97', 'declined', '2007-02-01 10:41:02', '2000-12-12 21:53:27'),
  ('46', '59', 'declined', '2020-07-03 12:44:47', '1999-06-02 14:34:39'),
  ('46', '81', 'requested', '2004-01-18 16:01:31', '1974-08-01 00:12:37'),
  ('47', '71', 'declined', '2002-07-18 07:43:57', '2010-03-19 05:39:45'),
  ('47', '83', 'unfriended', '2007-04-25 17:56:03', '1985-12-14 09:04:51'),
  ('48', '54', 'unfriended', '1995-12-03 19:37:22', '1991-06-07 09:51:47'),
  ('48', '73', 'requested', '1972-06-22 07:19:03', '2013-09-17 23:08:07'),
  ('49', '26', 'declined', '1992-08-18 07:41:00', '1995-12-16 00:51:02'),
  ('49', '74', 'declined', '1983-10-04 12:08:01', '2008-04-29 22:42:34'),
  ('50', '40', 'declined', '2014-02-22 10:39:48', '2003-03-24 20:01:47'),
  ('50', '70', 'approved', '1987-08-26 23:49:10', '2016-11-24 18:47:53'),
  ('54', '38', 'unfriended', '1976-12-27 03:47:01', '2002-08-19 09:50:30'),
  ('54', '85', 'declined', '1982-05-16 20:02:07', '2001-11-14 03:01:23'),
  ('55', '86', 'requested', '2011-04-03 22:00:24', '2002-06-08 21:04:50'),
  ('56', '6', 'requested', '1998-11-06 00:39:17', '1998-09-06 18:53:17'),
  ('56', '35', 'approved', '2017-12-09 23:53:00', '2001-03-04 04:48:03'),
  ('58', '91', 'declined', '1977-05-05 21:21:43', '2006-08-17 15:07:30'),
  ('60', '4', 'unfriended', '1995-11-27 21:34:58', '2016-08-31 10:31:36'),
  ('60', '5', 'requested', '1981-05-30 15:14:12', '2006-04-16 07:19:48'),
  ('61', '31', 'approved', '1995-07-18 17:17:46', '1986-01-31 21:16:02'),
  ('61', '60', 'requested', '1983-01-10 15:57:45', '2003-08-21 20:11:29'),
  ('61', '66', 'unfriended', '1983-10-24 00:47:45', '1995-10-29 14:57:17'),
  ('66', '43', 'approved', '1998-03-17 20:25:46', '2013-01-04 19:16:54'),
  ('68', '82', 'unfriended', '1992-05-29 12:20:27', '1972-07-30 01:12:59'),
  ('70', '27', 'declined', '1989-06-21 11:52:33', '1988-04-25 21:51:12'),
  ('70', '68', 'approved', '1977-02-13 08:02:20', '2000-01-16 05:57:29'),
  ('71', '13', 'unfriended', '1989-02-08 01:26:45', '1994-11-02 09:09:24'),
  ('71', '63', 'declined', '2003-07-31 04:17:28', '2005-10-20 04:54:57'),
  ('72', '34', 'requested', '1999-11-19 20:27:39', '1990-06-21 06:30:12'),
  ('72', '36', 'approved', '2012-07-28 07:47:38', '1996-11-17 20:07:36'),
  ('72', '48', 'unfriended', '2002-10-09 02:43:57', '1980-06-05 02:43:53'),
  ('73', '18', 'unfriended', '2019-05-29 03:37:59', '2014-09-08 02:43:07'),
  ('74', '72', 'approved', '2011-01-19 13:08:02', '1998-01-17 03:12:07'),
  ('77', '44', 'requested', '2013-09-13 04:06:56', '2017-02-13 20:38:43'),
  ('77', '50', 'approved', '2000-12-26 20:09:18', '2002-09-24 01:50:39'),
  ('79', '23', 'requested', '1997-04-08 00:13:12', '1980-04-01 10:30:26'),
  ('79', '46', 'requested', '1999-08-17 16:30:00', '1982-04-26 01:50:39'),
  ('81', '12', 'declined', '1974-02-04 06:41:37', '2013-11-29 20:17:39'),
  ('81', '28', 'approved', '1992-11-27 20:49:52', '2001-06-24 02:26:46'),
  ('82', '77', 'unfriended', '1986-05-11 07:04:26', '1984-09-18 04:39:53'),
  ('84', '11', 'declined', '1992-03-21 09:38:45', '1985-05-04 16:03:28'),
  ('85', '9', 'approved', '2006-06-09 23:17:31', '1994-03-21 09:21:35'),
  ('87', '29', 'unfriended', '2002-07-31 02:16:27', '1973-04-19 08:51:17'),
  ('88', '14', 'requested', '1994-09-22 08:04:18', '1987-07-01 22:27:31'),
  ('89', '61', 'approved', '1997-08-27 08:31:15', '1995-05-31 22:05:21'),
  ('90', '90', 'unfriended', '2017-09-04 08:11:14', '1971-03-10 15:38:26'),
  ('91', '1', 'approved', '1972-07-28 00:59:02', '2012-09-22 12:51:41'),
  ('93', '2', 'unfriended', '1980-06-22 21:48:13', '1994-04-21 05:45:28'),
  ('95', '20', 'approved', '1983-12-17 01:58:59', '1979-04-03 01:22:53'),
  ('95', '64', 'approved', '1975-05-08 04:49:22', '2009-03-06 17:51:22'),
  ('96', '7', 'requested', '2016-02-21 20:23:58', '2010-04-15 04:15:35'),
  ('97', '69', 'approved', '2015-09-11 14:49:37', '1982-02-21 07:49:00'),
  ('97', '95', 'declined', '2020-01-18 06:33:18', '1996-07-24 02:31:12'),
  ('98', '92', 'unfriended', '1971-12-13 12:32:01', '2003-11-24 14:30:07'),
  ('99', '15', 'unfriended', '2015-07-19 09:36:54', '1988-02-27 23:05:47'),
  ('100', '42', 'requested', '2008-07-03 03:27:43', '1982-03-29 15:57:16');

#
# 4 TABLE STRUCTURE FOR: communities
#

INSERT INTO `communities` (`id`, `name`, `admin_user_id`) 
VALUES 
  ('1', 'consequuntur', '1'),
  ('2', 'aliquam', '2'),
  ('3', 'error', '3'),
  ('4', 'deserunt', '4'),
  ('5', 'accusantium', '5'),
  ('6', 'enim', '6'),
  ('7', 'optio', '7'),
  ('8', 'dolor', '8'),
  ('9', 'ipsa', '9'),
  ('10', 'eum', '10'),
  ('11', 'atque', '11'),
  ('12', 'rerum', '12'),
  ('13', 'perspiciatis', '13'),
  ('14', 'odio', '14'),
  ('15', 'perspiciatis', '15'),
  ('16', 'cumque', '16'),
  ('17', 'qui', '17'),
  ('18', 'commodi', '18'),
  ('19', 'aut', '19'),
  ('20', 'eveniet', '20'),
  ('21', 'a', '21'),
  ('22', 'dolorem', '22'),
  ('23', 'voluptatem', '23'),
  ('24', 'ut', '24'),
  ('25', 'iusto', '25'),
  ('26', 'facilis', '26'),
  ('27', 'cumque', '27'),
  ('28', 'dolores', '28'),
  ('29', 'non', '29'),
  ('30', 'voluptatem', '30'),
  ('31', 'consequatur', '31'),
  ('32', 'maiores', '32'),
  ('33', 'velit', '33'),
  ('34', 'omnis', '34'),
  ('35', 'aut', '35'),
  ('36', 'fugit', '36'),
  ('37', 'odit', '37'),
  ('38', 'eum', '38'),
  ('39', 'dignissimos', '39'),
  ('40', 'velit', '40'),
  ('41', 'mollitia', '41'),
  ('42', 'cum', '42'),
  ('43', 'a', '43'),
  ('44', 'reiciendis', '44'),
  ('45', 'quos', '45'),
  ('46', 'rerum', '46'),
  ('47', 'sequi', '47'),
  ('48', 'vel', '48'),
  ('49', 'officiis', '49'),
  ('50', 'aut', '50'),
  ('51', 'dolorum', '51'),
  ('52', 'reiciendis', '52'),
  ('53', 'laborum', '53'),
  ('54', 'non', '54'),
  ('55', 'aut', '55'),
  ('56', 'harum', '56'),
  ('57', 'fuga', '57'),
  ('58', 'sit', '58'),
  ('59', 'omnis', '59'),
  ('60', 'aspernatur', '60'),
  ('61', 'eum', '61'),
  ('62', 'rerum', '62'),
  ('63', 'quis', '63'),
  ('64', 'dolores', '64'),
  ('65', 'sunt', '65'),
  ('66', 'error', '66'),
  ('67', 'enim', '67'),
  ('68', 'unde', '68'),
  ('69', 'et', '69'),
  ('70', 'impedit', '70'),
  ('71', 'porro', '71'),
  ('72', 'voluptas', '72'),
  ('73', 'ducimus', '73'),
  ('74', 'deleniti', '74'),
  ('75', 'consectetur', '75'),
  ('76', 'neque', '76'),
  ('77', 'cum', '77'),
  ('78', 'et', '78'),
  ('79', 'distinctio', '79'),
  ('80', 'excepturi', '80'),
  ('81', 'quia', '81'),
  ('82', 'eos', '82'),
  ('83', 'laudantium', '83'),
  ('84', 'est', '84'),
  ('85', 'minima', '85'),
  ('86', 'repellat', '86'),
  ('87', 'repellat', '87'),
  ('88', 'impedit', '88'),
  ('89', 'et', '89'),
  ('90', 'fugiat', '90'),
  ('91', 'assumenda', '91'),
  ('92', 'quo', '92'),
  ('93', 'quae', '93'),
  ('94', 'inventore', '94'),
  ('95', 'ea', '95'),
  ('96', 'eos', '96'),
  ('97', 'molestiae', '97'),
  ('98', 'aspernatur', '98'),
  ('99', 'est', '99'),
  ('100', 'illum', '100');

#
# 5 TABLE STRUCTURE FOR: users_communities
#

INSERT INTO `users_communities` (`user_id`, `community_id`) 
VALUES 
  ('1', '1'),
  ('2', '2'),
  ('3', '3'),
  ('4', '4'),
  ('5', '5'),
  ('6', '6'),
  ('7', '7'),
  ('8', '8'),
  ('9', '9'),
  ('10', '10'),
  ('11', '11'),
  ('12', '12'),
  ('13', '13'),
  ('14', '14'),
  ('15', '15'),
  ('16', '16'),
  ('17', '17'),
  ('18', '18'),
  ('19', '19'),
  ('20', '20'),
  ('21', '21'),
  ('22', '22'),
  ('23', '23'),
  ('24', '24'),
  ('25', '25'),
  ('26', '26'),
  ('27', '27'),
  ('28', '28'),
  ('29', '29'),
  ('30', '30'),
  ('31', '31'),
  ('32', '32'),
  ('33', '33'),
  ('34', '34'),
  ('35', '35'),
  ('36', '36'),
  ('37', '37'),
  ('38', '38'),
  ('39', '39'),
  ('40', '40'),
  ('41', '41'),
  ('42', '42'),
  ('43', '43'),
  ('44', '44'),
  ('45', '45'),
  ('46', '46'),
  ('47', '47'),
  ('48', '48'),
  ('49', '49'),
  ('50', '50'),
  ('51', '51'),
  ('52', '52'),
  ('53', '53'),
  ('54', '54'),
  ('55', '55'),
  ('56', '56'),
  ('57', '57'),
  ('58', '58'),
  ('59', '59'),
  ('60', '60'),
  ('61', '61'),
  ('62', '62'),
  ('63', '63'),
  ('64', '64'),
  ('65', '65'),
  ('66', '66'),
  ('67', '67'),
  ('68', '68'),
  ('69', '69'),
  ('70', '70'),
  ('71', '71'),
  ('72', '72'),
  ('73', '73'),
  ('74', '74'),
  ('75', '75'),
  ('76', '76'),
  ('77', '77'),
  ('78', '78'),
  ('79', '79'),
  ('80', '80'),
  ('81', '81'),
  ('82', '82'),
  ('83', '83'),
  ('84', '84'),
  ('85', '85'),
  ('86', '86'),
  ('87', '87'),
  ('88', '88'),
  ('89', '89'),
  ('90', '90'),
  ('91', '91'),
  ('92', '92'),
  ('93', '93'),
  ('94', '94'),
  ('95', '95'),
  ('96', '96'),
  ('97', '97'),
  ('98', '98'),
  ('99', '99'),
  ('100', '100');

#
# 6 TABLE STRUCTURE FOR: media_types
#

INSERT INTO `media_types` (`id`, `name`, `created_at`, `updated_at`) 
VALUES 
  ('1', 'video', '2003-12-06 11:00:38', '1976-09-11 13:31:56'),
  ('2', 'music', '1989-01-25 20:08:48', '2015-06-22 05:13:09'),
  ('3', 'photo', '1998-06-26 17:28:20', '2008-10-04 17:26:18');
#
# 7 TABLE STRUCTURE FOR: media
#

INSERT INTO `media` (`id`, `media_type_id`, `user_id`, `body`, `filename`, `size`, `metadata`, `created_at`, `updated_at`) 
VALUES 
  ('1', '2', '1', 'Consequatur fuga saepe quidem cupiditate quia ab. Ipsum magni adipisci veniam. Hic quo sunt ipsa aut et sit tempore.', 'laborum', 4, NULL, '2010-11-13 10:39:48', '1995-05-20 11:18:22'),
  ('2', '3', '2', 'Quo rem velit non enim sapiente maiores. Sunt culpa perferendis alias non nemo vel est. Optio id laudantium sit omnis nam dolor. Dolor eligendi pariatur minima illo exercitationem excepturi qui.', 'enim', 75, NULL, '1989-08-12 08:31:57', '1996-08-01 12:15:42'),
  ('3', '1', '3', 'Beatae omnis impedit quia. Aliquam tempora sunt voluptates molestias molestiae dolorem. Quis ut debitis repellat quas aspernatur occaecati perferendis.', 'porro', 93508146, NULL, '2016-07-22 19:38:03', '2009-07-19 14:04:58'),
  ('4', '2', '4', 'Voluptatum deserunt et ipsum nobis ut quo. Ut dicta sit libero corporis aspernatur culpa voluptatem. Ullam nesciunt id cupiditate explicabo libero et fuga. Facere quasi et est consectetur dicta ipsam odio.', 'excepturi', 1, NULL, '2000-11-03 16:01:10', '2009-09-23 20:41:22'),
  ('5', '1', '5', 'Aspernatur molestias fuga est consequatur. Aliquam ex dolore architecto dolorem quos mollitia est expedita. Odit reiciendis beatae fugit minima. Ullam placeat cumque non ut eum dolores.', 'alias', 69708204, NULL, '1976-03-05 08:27:23', '1998-07-04 00:51:08'),
  ('6', '1', '6', 'Tempore aut delectus non laborum consequatur voluptas. Veritatis harum harum iste aliquid. Ut quae et ex assumenda non eveniet iusto. Reiciendis et aliquid velit et placeat vero facilis ea.', 'earum', 4018, NULL, '2008-03-30 11:31:02', '2011-01-26 08:03:04'),
  ('7', '3', '7', 'Dolores labore possimus reprehenderit odit. Soluta saepe sunt magni neque. Nihil distinctio numquam aut possimus consequatur debitis ut in. Consequatur esse dignissimos sit vero ex fugiat.', 'occaecati', 66840226, NULL, '2002-09-11 22:05:31', '2018-02-05 02:21:02'),
  ('8', '3', '8', 'Sint soluta consequatur placeat. Quia quibusdam repellat tenetur facere est blanditiis ut. Possimus et aspernatur quos architecto. Illum non nisi deserunt est.', 'ut', 944, NULL, '2015-10-21 20:24:53', '2001-09-13 04:03:12'),
  ('9', '1', '9', 'Accusamus voluptatibus molestias aut sequi ab nisi aut. Sed voluptatibus perferendis dolorem saepe sed ea veritatis expedita. Eum officiis velit rerum nemo est omnis nisi. Quam nemo corrupti aut magni.', 'perferendis', 639, NULL, '2010-06-19 16:37:09', '1984-05-07 04:07:29'),
  ('10', '1', '10', 'Quia possimus qui laudantium velit. Et repudiandae autem ducimus qui. Ut laborum officiis ex impedit ducimus id.', 'nemo', 4690498, NULL, '1978-11-27 15:07:58', '1984-04-25 00:46:57'),
  ('11', '2', '11', 'Qui fugiat et molestiae quia error eveniet. Ad culpa sit accusamus voluptatem quisquam debitis. Eius animi ea a voluptate et sapiente velit.', 'sit', 77154, NULL, '2017-12-10 03:36:42', '2005-05-01 15:13:40'),
  ('12', '2', '12', 'Fugiat ea non sed ut et rerum. Non ea quo nam explicabo. Blanditiis quia nam laboriosam aspernatur minus sed voluptatibus. Voluptatem minus maiores unde modi culpa qui rem. Autem omnis quo cumque officia similique ipsum.', 'perferendis', 3368917, NULL, '1998-06-14 01:53:04', '1981-04-20 19:54:38'),
  ('13', '3', '13', 'Cupiditate omnis praesentium ratione autem non dolores. Dolor ratione assumenda placeat ut cumque et aut. Sapiente provident consectetur deleniti consectetur maiores distinctio velit iste.', 'nisi', 743, NULL, '1990-12-18 10:58:54', '1993-05-10 22:02:16'),
  ('14', '3', '14', 'Facere dolores non est atque commodi quia quam repudiandae. Nihil unde quas earum ea molestias id laboriosam. Enim occaecati sequi earum dolorem. Aut ab in vel et et.', 'consequatur', 930268, NULL, '2004-01-24 19:05:59', '1974-12-31 20:21:07'),
  ('15', '2', '15', 'Aperiam deleniti a aut optio. Eius rerum asperiores iste ab consequatur ea amet. Doloremque omnis libero et sapiente qui ipsum quas magni. Quae ut veritatis vel quis fugiat itaque.', 'officia', 4996369, NULL, '1987-05-13 16:02:36', '2010-09-08 05:30:16'),
  ('16', '1', '16', 'Ab ea autem inventore cum. Ea sit in nulla dolorum enim.', 'reprehenderit', 28876, NULL, '1993-04-06 09:25:21', '1986-10-29 16:52:21'),
  ('17', '2', '17', 'Id earum repellat et eos ut sed. Omnis rerum quod et esse est dolor quas. Quibusdam est eum et est tenetur illo corporis vero.', 'corporis', 7, NULL, '1974-01-04 13:47:49', '2015-09-19 11:51:29'),
  ('18', '2', '18', 'Et praesentium placeat omnis consequatur eos deserunt. Praesentium aspernatur ut at quibusdam. Repellendus sed voluptas aspernatur.', 'nam', 94755, NULL, '1985-12-08 17:09:39', '1984-12-22 13:06:01'),
  ('19', '3', '19', 'In ut consequatur laudantium ut hic ratione. Qui repellat aut aut neque excepturi explicabo. Illum eos sunt sed reiciendis voluptas dignissimos. Eos eligendi velit sit exercitationem vitae earum.', 'officia', 0, NULL, '2013-09-14 09:15:49', '2014-10-30 10:19:55'),
  ('20', '3', '20', 'Consectetur libero quis aut suscipit quisquam in. Vero placeat ut laborum qui. Amet temporibus nam quas itaque non. Fugit blanditiis et rerum earum.', 'quaerat', 801921, NULL, '1994-11-25 14:16:55', '1992-09-21 19:02:22'),
  ('21', '2', '21', 'Animi aspernatur natus porro accusamus quaerat. Libero magni quo voluptas explicabo est.', 'aut', 4944394, NULL, '1999-10-08 04:42:04', '1977-02-15 12:41:58'),
  ('22', '2', '22', 'Sed qui similique sit est. Sunt ut rerum eligendi et aperiam quia. Tenetur ut sint consequuntur delectus dolorum. Ut doloribus et tenetur quod non.', 'dolorem', 655254, NULL, '1997-09-09 12:25:37', '2020-06-15 04:15:15'),
  ('23', '2', '23', 'Fugiat alias voluptatem molestias et. Delectus quo vel blanditiis accusantium placeat. Enim ut nobis est unde quis unde. Alias recusandae at veniam quia sit quia vero. Enim vitae exercitationem mollitia soluta tenetur numquam et.', 'numquam', 84099, NULL, '2015-11-30 16:40:12', '1973-03-14 08:58:49'),
  ('24', '2', '24', 'Fugit natus autem veniam doloremque. Et corrupti sit est laboriosam. Eos quo voluptatibus aut ad incidunt ipsa.', 'hic', 7, NULL, '2004-06-08 07:13:34', '1991-08-30 14:26:44'),
  ('25', '3', '25', 'Ab qui qui unde occaecati ex. Ipsam velit aut aut illum inventore expedita quia. Quas id nulla odio dolorem. Odio ea cum qui et quibusdam ipsa.', 'id', 481916, NULL, '1990-01-02 00:08:28', '2012-03-01 06:39:28'),
  ('26', '1', '26', 'Fugiat illum voluptatem recusandae praesentium. Ab quia blanditiis ratione totam aliquid suscipit. Dolores dolor sit at explicabo est veniam ad. Tempora cupiditate quibusdam repellat qui dicta quis et.', 'soluta', 49888888, NULL, '1999-07-11 04:26:04', '1981-08-26 16:20:27'),
  ('27', '1', '27', 'Veritatis ea libero eveniet et sunt. Exercitationem placeat sunt qui ex esse laborum optio. Voluptas voluptatibus saepe id et accusamus nam doloremque ratione. Cupiditate consequatur et consectetur ipsam at.', 'unde', 0, NULL, '1973-10-18 11:05:31', '2009-04-08 01:14:44'),
  ('28', '1', '28', 'Iste ea pariatur quo quo numquam non. Eos nisi veniam aliquam voluptates rerum. Veniam neque ad cum qui quia qui.', 'iure', 282, NULL, '2011-05-01 14:24:02', '2013-09-01 07:35:42'),
  ('29', '2', '29', 'A eius cumque et quas natus doloremque. Nobis sequi explicabo cumque. Dolor corrupti officia quis quis perspiciatis et dolorum. Soluta non modi fugit rerum laudantium.', 'nostrum', 82622, NULL, '1977-10-05 18:31:26', '2011-12-04 02:57:11'),
  ('30', '1', '30', 'Nobis quia culpa libero ipsum architecto et adipisci. Ut officia omnis architecto est sunt. Repellendus quod molestiae et libero. Eos et aliquid sapiente et.', 'sed', 698002, NULL, '1970-09-10 23:40:03', '2008-01-07 14:33:59'),
  ('31', '1', '31', 'Iusto tempore nisi quis repellat quia. Animi aperiam similique qui non tenetur ut. Aut consequatur nam assumenda corporis quibusdam. Aut aliquid et itaque dolor corporis dolore.', 'autem', 43096435, NULL, '2001-11-24 10:28:43', '1976-11-18 14:01:17'),
  ('32', '3', '32', 'Qui sapiente ad aut veritatis deserunt natus. Voluptatem unde deserunt reiciendis autem consequatur. Dicta qui sed nobis est nihil eaque.', 'quod', 823640616, NULL, '1990-02-22 22:37:28', '1988-10-22 23:09:13'),
  ('33', '3', '33', 'Ab ab doloremque iure omnis. Fugit doloremque dolor sunt adipisci placeat. Aut molestias recusandae error nulla in exercitationem voluptas.', 'aperiam', 99275262, NULL, '1994-08-08 00:46:03', '2018-12-17 03:52:05'),
  ('34', '2', '34', 'Totam enim temporibus ullam non sit. Cupiditate sed et voluptatum. Ullam non libero quod aut blanditiis dolor aperiam. Sit a labore blanditiis et commodi.', 'non', 1240729, NULL, '2008-03-24 06:38:50', '2001-06-11 19:52:21'),
  ('35', '3', '35', 'Libero quis sed harum omnis sit quis. Aperiam suscipit molestiae non et. Ut voluptatum sed itaque ullam et.', 'modi', 656153, NULL, '1996-07-02 16:27:22', '2001-09-05 11:25:33'),
  ('36', '2', '36', 'Sit modi dolorem occaecati. Rerum velit perferendis magnam veniam. Commodi consectetur quia neque eos earum accusantium consequatur aut. Qui expedita tempore id dolorum maxime tempora quis.', 'nesciunt', 31, NULL, '1985-02-17 07:15:28', '1991-10-04 13:20:22'),
  ('37', '3', '37', 'Voluptas aut veritatis aut est molestiae illum rerum cumque. Accusantium sunt quidem soluta qui minus minima provident. Quis incidunt ut a esse excepturi aut.', 'non', 7040, NULL, '1994-04-24 22:56:34', '1980-07-29 06:36:47'),
  ('38', '1', '38', 'Sint quibusdam et nihil voluptatem error. Rerum blanditiis iste est ea quibusdam. Odio aut voluptas necessitatibus.', 'repellendus', 153, NULL, '1993-04-12 00:36:38', '2010-03-31 04:06:15'),
  ('39', '1', '39', 'Sint voluptatem nemo animi consequuntur. Pariatur consequatur enim voluptates qui et totam est. Sit perspiciatis a unde. Minima repellat qui molestiae.', 'nemo', 802444759, NULL, '1977-07-09 17:45:45', '1973-11-10 11:30:57'),
  ('40', '3', '40', 'Dolor accusantium magnam quis nostrum molestiae. Facere sit consequatur officia ut voluptas totam. Voluptatem recusandae iusto provident. Voluptatum nemo quis voluptatem consequatur veritatis et quia.', 'placeat', 20701, NULL, '1975-06-08 14:10:26', '1986-08-13 20:24:30'),
  ('41', '3', '41', 'Ullam et sit unde perspiciatis omnis nobis. Ea dolorem quam placeat est a quod praesentium. Saepe ut laborum repudiandae accusantium rerum ut. Ut exercitationem similique in. Neque ut aliquam et voluptatum omnis totam porro quia.', 'quis', 675921, NULL, '1993-02-18 23:09:30', '2001-04-04 09:56:35'),
  ('42', '1', '42', 'Omnis at quas quaerat aut ea sunt magni. Eligendi libero harum et nam voluptatem. Et sunt vel sit occaecati minima ut.', 'voluptas', 89, NULL, '1988-07-10 07:57:33', '2010-10-22 23:26:32'),
  ('43', '1', '43', 'Repudiandae fugiat ut minus exercitationem deleniti sed tempora accusantium. Est iure neque qui deleniti ut corporis laboriosam. Et provident maxime doloribus nostrum est a rerum. Consequatur ut corrupti et eius. Inventore error est quibusdam quia vero.', 'voluptas', 7147, NULL, '2008-03-27 11:03:23', '1983-09-09 22:20:02'),
  ('44', '1', '44', 'Ipsa repellendus quo neque natus. Provident quia voluptatibus odit ipsam aperiam ea. Dolore velit quam non adipisci voluptatem. Quibusdam nobis veritatis ad ullam.', 'voluptatem', 0, NULL, '2018-08-04 12:35:29', '1978-04-17 02:58:51'),
  ('45', '2', '45', 'Illo voluptatum voluptatem molestiae et. Non quidem vero aspernatur non voluptatem. In omnis rerum quis fugiat explicabo ipsam tenetur.', 'voluptate', 9, NULL, '2002-11-20 17:32:42', '2008-02-08 02:57:46'),
  ('46', '3', '46', 'Ut itaque aut accusantium suscipit. Sit iste voluptatem eos nam asperiores. Ut omnis reiciendis quo voluptatem aut.', 'ipsam', 10343, NULL, '2011-03-10 03:09:23', '1995-01-16 23:16:04'),
  ('47', '3', '47', 'Blanditiis aliquid tempora qui quas quaerat ratione. Quo nostrum numquam quia ipsum sed rerum enim. Dolores at sed aut.', 'et', 285716, NULL, '2002-01-06 06:46:32', '2001-06-19 19:40:50'),
  ('48', '1', '48', 'Sequi qui numquam minima ex ut. Accusantium natus deserunt assumenda sunt dolores. Soluta nihil ea ratione facilis sit tenetur quibusdam. Eos perspiciatis harum qui ullam.', 'in', 56387, NULL, '1993-06-14 16:05:54', '1978-11-16 23:43:46'),
  ('49', '3', '49', 'Maiores veritatis error rem et cupiditate. Amet est neque et aspernatur. Nisi adipisci sed aut excepturi aliquam sed.', 'cumque', 0, NULL, '2005-09-03 06:04:48', '2016-06-01 23:57:08'),
  ('50', '2', '50', 'Dolores rerum qui maxime similique. Quisquam quaerat accusamus fuga vel illum odio modi sapiente. Mollitia saepe sit dolor voluptatum dolorem. Nisi sint voluptas at voluptatem vel nostrum recusandae.', 'aliquid', 778, NULL, '1977-07-01 12:47:10', '2014-04-11 20:20:09'),
  ('51', '2', '51', 'Nihil qui in et magni. Repudiandae tempore rerum vero ut error vero. Corrupti est sed rerum. Nihil quas ut adipisci impedit rem ut.', 'et', 4053, NULL, '2017-12-31 04:49:23', '1985-03-24 11:05:15'),
  ('52', '1', '52', 'Quis ut exercitationem dolorem. Corporis nihil officia quas ut maiores officia sunt aut. Distinctio commodi ipsam qui sint vel et. Commodi et eius consequatur sunt.', 'ut', 717, NULL, '1995-11-02 06:04:16', '2005-03-08 20:55:01'),
  ('53', '3', '53', 'Corrupti id voluptatem a aut id a. Similique iusto asperiores numquam ad sit ut. Soluta qui consectetur sed quae.', 'sit', 368506718, NULL, '1996-03-23 06:47:14', '2003-02-24 17:21:24'),
  ('54', '2', '54', 'Et quia et suscipit aut quae. Aut molestias sapiente omnis voluptatem. Molestias et voluptas dicta officiis vel quod. Deleniti ipsa qui maiores voluptates voluptas ratione.', 'tempora', 110, NULL, '1992-05-17 21:10:47', '1983-06-06 07:22:00'),
  ('55', '1', '55', 'Modi itaque officiis repellat rerum quos quibusdam delectus. Aspernatur quis nobis deleniti aperiam. Neque enim rem perferendis nihil repellat ratione.', 'maiores', 18, NULL, '2014-08-06 11:00:16', '2017-03-23 05:26:17'),
  ('56', '2', '56', 'Eius ea harum quibusdam. Sed minus blanditiis accusantium ratione rem consequatur fugiat. Ea aut numquam veniam dolorem alias ut velit. Sed eum nam sint molestias aperiam suscipit aut.', 'iusto', 0, NULL, '2002-09-02 14:15:26', '1995-09-03 00:10:55'),
  ('57', '2', '57', 'Quidem non odio rem quia sit atque. Non aut voluptatem repudiandae neque quidem repudiandae. Consequatur tenetur suscipit harum iure.', 'dignissimos', 5113618, NULL, '1976-06-01 12:41:00', '2014-12-26 23:44:36'),
  ('58', '3', '58', 'Rerum facere qui aut aut ut. Maxime placeat dolorem blanditiis excepturi incidunt eveniet. Repellat temporibus ea autem explicabo voluptatem dicta.', 'ducimus', 96070157, NULL, '1990-06-04 12:46:15', '1994-02-08 11:44:24'),
  ('59', '3', '59', 'Eum est sit non aut architecto. Et enim dolores magni reprehenderit fugit quaerat. Praesentium doloremque ex aut est quas et voluptatem.', 'quaerat', 59, NULL, '1984-08-27 22:19:57', '1982-04-19 14:40:18'),
  ('60', '2', '60', 'Qui nihil et voluptatem autem nesciunt. Reiciendis earum error et doloribus sapiente. Ducimus consequuntur autem id id.', 'quos', 49164, NULL, '2020-07-05 13:53:25', '1982-02-13 18:43:52'),
  ('61', '3', '61', 'Nulla eos fuga consequatur et voluptas velit magnam. Voluptatem occaecati culpa sint et ea quis. Dicta nulla neque alias est corrupti. Asperiores nulla architecto est voluptatem ut pariatur.', 'ut', 753, NULL, '1976-04-09 19:46:05', '2019-09-14 17:53:10'),
  ('62', '2', '62', 'Possimus id excepturi ipsam a quia accusamus repellendus. Tempora libero deserunt sunt est odio. Quis quisquam minus laboriosam qui possimus enim. Doloremque aut perferendis exercitationem aspernatur.', 'at', 0, NULL, '2002-06-10 04:46:12', '2001-01-23 04:00:56'),
  ('63', '1', '63', 'Et provident commodi consectetur similique est aperiam commodi dolorem. Amet ut quibusdam voluptatem ullam ex voluptas. Et eos qui qui voluptates corrupti.', 'vero', 792595510, NULL, '2011-08-29 09:12:30', '1981-09-18 09:35:40'),
  ('64', '3', '64', 'Id voluptates sit enim earum sunt error. Iure voluptatem eos debitis eaque est et doloribus. Sed voluptas porro quia rerum consequatur culpa. Enim id maiores saepe aut eum natus et.', 'voluptatem', 169, NULL, '1985-03-01 01:06:42', '1995-02-19 06:58:13'),
  ('65', '1', '65', 'Doloribus quia nostrum quidem accusantium delectus distinctio. Aperiam quisquam quas harum. Magni non consequatur qui.', 'voluptas', 913760158, NULL, '2004-03-08 11:02:25', '2020-06-29 20:32:40'),
  ('66', '2', '66', 'Velit molestiae cumque est possimus. Aspernatur deleniti ullam fugiat molestiae reiciendis modi sequi. Voluptatibus ut atque numquam distinctio beatae doloribus. Totam et qui vel.', 'numquam', 47803, NULL, '1975-05-14 10:41:43', '2013-03-31 03:02:24'),
  ('67', '3', '67', 'Accusamus sequi quia consequatur vel quis sed illum. Consequatur quis et eius a numquam. Sed nihil quia deserunt sunt rerum magni.', 'minima', 23812, NULL, '2008-10-05 23:19:45', '1993-04-04 23:35:05'),
  ('68', '2', '68', 'Dolorem quia architecto consequuntur non consequatur est eum. Nam dolorem dolor cupiditate sed itaque corrupti quibusdam. Voluptas aut nostrum eligendi accusamus inventore voluptatem et et.', 'minima', 788722589, NULL, '2011-04-30 20:38:22', '2014-03-12 11:12:30'),
  ('69', '1', '69', 'Accusamus suscipit velit dolor nobis et debitis. Est dolor et aut laboriosam corrupti sit quis. Quisquam eius quasi vel dolor qui ea voluptatum voluptas.', 'enim', 52402039, NULL, '2013-12-11 14:42:06', '1972-04-11 19:04:42'),
  ('70', '2', '70', 'Inventore quas et autem qui quaerat asperiores. Provident voluptatem eum quidem velit. Maxime est delectus earum iusto sunt itaque excepturi.', 'nesciunt', 36171, NULL, '1980-06-20 15:03:49', '2012-03-25 00:45:01'),
  ('71', '3', '71', 'Laborum et aut quas maiores quos. Repellendus distinctio tempore ratione omnis. Odio impedit culpa et occaecati ex.', 'cupiditate', 46, NULL, '1982-01-01 18:26:08', '1973-07-03 11:42:38'),
  ('72', '3', '72', 'Voluptate dolore ut possimus consectetur. Corporis tempore voluptas odio. Molestias quo ipsum assumenda tempore officiis.', 'tempora', 808, NULL, '1995-11-29 07:16:33', '1994-12-30 15:18:11'),
  ('73', '1', '73', 'Tempora ut nihil aut iure. Repellat quidem facere perferendis quia. Quam illum ut harum omnis et.', 'quis', 1, NULL, '1982-09-25 21:42:48', '2014-01-05 03:32:55'),
  ('74', '2', '74', 'Beatae voluptatum aut blanditiis quia est. Et consectetur vero nihil eius sapiente. Voluptas id nulla neque rerum odio quidem et.', 'aut', 70408838, NULL, '1995-09-11 05:12:32', '2008-03-25 02:41:19'),
  ('75', '1', '75', 'Animi perspiciatis qui aut quidem. Odio dolorum distinctio reiciendis ducimus libero accusantium veritatis cum. Excepturi doloremque quasi in maiores. Quia mollitia exercitationem laboriosam quis perferendis.', 'sed', 230511137, NULL, '2001-04-07 14:43:10', '2015-05-12 06:20:00'),
  ('76', '2', '76', 'Voluptatem rerum ut harum voluptas. Perferendis odio maxime ab occaecati qui nesciunt. Corrupti voluptas maxime sapiente quod enim.', 'tempore', 253719842, NULL, '1992-01-26 08:29:20', '2016-05-22 12:17:33'),
  ('77', '3', '77', 'Recusandae voluptatem est magnam dignissimos. Sapiente unde eos ut enim. Non impedit est sunt repudiandae autem nulla molestiae veritatis.', 'recusandae', 603313, NULL, '2001-03-18 03:34:07', '1984-10-11 17:59:17'),
  ('78', '1', '78', 'Blanditiis sit deleniti dolore qui quisquam ratione nemo. Ab sit ea facilis voluptatem eaque minus. Maxime sint non eligendi quas rerum molestias. Temporibus sapiente et exercitationem ratione sunt magnam. Corrupti dolorem et fugiat ea eius ad aut.', 'et', 615, NULL, '2013-02-13 00:15:34', '1982-12-06 08:40:56'),
  ('79', '2', '79', 'Earum corporis alias ea tempora. Impedit dolores dolorum nam dolorem esse molestiae. Aut odit odit quae illo.', 'consequatur', 82622, NULL, '1996-04-02 04:20:46', '1998-11-22 00:28:41'),
  ('80', '1', '80', 'Eveniet veniam et ut blanditiis maxime quos. Laboriosam omnis quis fugiat sint qui suscipit ipsa ipsam.', 'sint', 9131291, NULL, '2016-01-18 14:06:15', '2020-07-05 09:07:07'),
  ('81', '2', '81', 'Quasi id aperiam ut commodi qui laboriosam sunt. Omnis quo rerum delectus odit. Aut itaque ipsam et blanditiis maiores ut perspiciatis. Tenetur quisquam id dolores quaerat. Qui omnis repellendus voluptate.', 'quia', 0, NULL, '2008-05-09 18:08:42', '1971-04-14 09:10:08'),
  ('82', '3', '82', 'Sint veniam eius fugiat ut doloremque quas. Quibusdam impedit illum dolorem quos quidem. Deleniti cumque ea autem.', 'voluptatum', 72096, NULL, '2017-04-29 13:53:54', '1974-06-25 06:07:22'),
  ('83', '3', '83', 'Expedita inventore ut omnis est beatae. Consequatur pariatur architecto incidunt autem labore natus voluptatum. In expedita mollitia voluptatum neque delectus ut enim. Accusamus quia similique veniam voluptatem et.', 'cumque', 69672, NULL, '2012-07-15 22:50:43', '2000-10-29 21:00:11'),
  ('84', '3', '84', 'Autem nisi aut dolores quisquam. Rerum quia corporis voluptatibus ad cumque est. Nostrum alias blanditiis dignissimos.', 'eum', 16, NULL, '2020-08-31 01:17:47', '1990-10-25 23:27:45'),
  ('85', '3', '85', 'Qui sed voluptas neque sunt. Ut natus voluptas blanditiis. Quo voluptate velit voluptas temporibus accusantium. Doloribus repellendus voluptas assumenda et autem laudantium.', 'iste', 6633, NULL, '2011-12-11 07:03:45', '1971-12-08 04:54:55'),
  ('86', '2', '86', 'Qui eius quod omnis impedit minus iusto. Est consequatur eos cum quasi aut accusamus. Est atque eos et eum ratione tempora.', 'quasi', 681, NULL, '1985-09-19 13:36:09', '1971-07-17 12:51:46'),
  ('87', '1', '87', 'Ratione et reprehenderit vel laudantium incidunt amet. Esse esse quisquam qui qui sit ipsum. Suscipit expedita ea eum deleniti beatae harum.', 'eius', 99336297, NULL, '2013-10-05 01:18:37', '1994-10-05 22:00:28'),
  ('88', '3', '88', 'Molestiae eius quis accusantium cumque commodi. Impedit eum ratione eum laborum ipsa eaque consequatur.', 'quod', 992953316, NULL, '1972-01-16 10:03:59', '2007-12-04 11:18:25'),
  ('89', '2', '89', 'Quidem laboriosam deserunt dignissimos id et adipisci. Est qui labore totam nam consectetur sint natus. Voluptatibus est molestiae sed officia occaecati voluptas. Molestiae molestiae quia mollitia voluptates officia libero rem.', 'molestiae', 4285, NULL, '2013-05-31 06:55:10', '1971-11-10 04:49:20'),
  ('90', '1', '90', 'Corporis ab sed est officiis laudantium et suscipit. Autem quis qui quis dolore molestiae odio corporis.', 'ea', 4281, NULL, '1987-07-25 03:45:16', '1997-05-09 21:26:16'),
  ('91', '1', '91', 'Tenetur velit ab et sequi pariatur minima. Vel voluptatibus voluptas quo itaque quia velit. Unde aspernatur quaerat sed.', 'esse', 3381, NULL, '2012-12-13 21:54:04', '1979-07-14 00:25:42'),
  ('92', '1', '92', 'Voluptas dolor et dolorem id. Autem et qui illo illo et dolor.', 'repellat', 145277, NULL, '1993-04-16 17:14:19', '2013-05-29 21:33:03'),
  ('93', '3', '93', 'Omnis vel ducimus veniam sequi. Odit nihil dolore rerum distinctio optio. Repellat voluptates maiores dignissimos et est. Sit facilis nesciunt molestias suscipit voluptatum doloremque.', 'accusantium', 83910, NULL, '2012-07-10 09:33:43', '1976-07-21 00:03:38'),
  ('94', '2', '94', 'Occaecati omnis dolorem aut dolorum ipsam magnam. Autem minus cumque qui quia voluptas architecto.', 'quidem', 7, NULL, '1987-07-06 18:29:05', '2010-07-02 09:57:25'),
  ('95', '3', '95', 'Nihil minima ipsa molestias ut voluptate. Praesentium labore exercitationem porro incidunt enim quisquam. Occaecati unde odit in provident est molestiae.', 'velit', 31779, NULL, '1981-06-04 20:43:33', '2010-06-22 22:30:37'),
  ('96', '1', '96', 'Aliquam deserunt ipsa eligendi tenetur quam quia. Sapiente quibusdam hic ut quod. Qui qui repudiandae quae autem nostrum. Qui eum consequatur et.', 'laborum', 84, NULL, '1992-07-09 05:56:24', '2003-09-21 12:32:55'),
  ('97', '3', '97', 'Eos odio dolor unde non reprehenderit magni. Eius voluptatibus temporibus nam suscipit omnis ea fuga. Neque rem accusantium dignissimos quod voluptatem aut.', 'saepe', 74, NULL, '1976-10-30 05:28:48', '2008-01-07 00:11:39'),
  ('98', '1', '98', 'Omnis minus omnis debitis praesentium aut. Earum excepturi ipsum tempore iste aperiam libero esse. Possimus aperiam architecto earum qui fugit ut. Sint nulla nisi cumque facilis soluta aut quod.', 'qui', 457961, NULL, '1970-11-27 11:49:46', '2015-02-12 07:21:52'),
  ('99', '3', '99', 'Minus incidunt hic laboriosam qui. Voluptatem asperiores accusamus ipsam voluptatem accusamus. Earum tenetur aliquam molestiae. Dicta dolorem architecto aut quod molestiae recusandae.', 'ut', 31983140, NULL, '1984-05-15 21:06:34', '2019-12-31 16:58:46'),
  ('100', '2', '100', 'Repellendus ea perferendis laudantium deleniti ducimus. Fugit tenetur voluptatibus illum quod. Voluptatibus dicta sint et cum reiciendis assumenda earum. Optio quos sit et occaecati consequatur voluptatem.', 'quia', 423, NULL, '2012-08-15 03:21:27', '2002-03-13 13:26:25');

#
# 8 TABLE STRUCTURE FOR: likes
#

INSERT INTO `likes` (`id`, `user_id`, `media_id`, `created_at`) 
VALUES 
  ('1', '1', '1', '2016-06-15 14:06:19'),
  ('2', '2', '2', '1974-02-08 13:54:32'),
  ('3', '3', '3', '2020-10-13 22:43:23'),
  ('4', '4', '4', '1990-10-22 21:35:41'),
  ('5', '5', '5', '1984-10-22 13:53:55'),
  ('6', '6', '6', '1977-08-30 21:45:42'),
  ('7', '7', '7', '1972-07-29 16:30:45'),
  ('8', '8', '8', '2020-08-10 09:00:07'),
  ('9', '9', '9', '1982-05-11 03:20:04'),
  ('10', '10', '10', '1992-07-20 09:31:35'),
  ('11', '11', '11', '1979-03-13 12:52:47'),
  ('12', '12', '12', '2000-10-01 00:04:49'),
  ('13', '13', '13', '2008-05-12 01:08:33'),
  ('14', '14', '14', '2015-12-31 20:53:58'),
  ('15', '15', '15', '1998-03-13 17:00:46'),
  ('16', '16', '16', '2005-02-04 21:06:07'),
  ('17', '17', '17', '1975-10-14 07:57:23'),
  ('18', '18', '18', '2020-03-28 19:41:05'),
  ('19', '19', '19', '2001-09-29 20:21:12'),
  ('20', '20', '20', '2013-02-12 05:42:43'),
  ('21', '21', '21', '2002-10-11 14:46:19'),
  ('22', '22', '22', '2012-06-27 09:52:00'),
  ('23', '23', '23', '1978-03-04 03:32:47'),
  ('24', '24', '24', '1995-05-04 05:33:50'),
  ('25', '25', '25', '2019-05-13 10:31:01'),
  ('26', '26', '26', '1993-08-04 14:25:49'),
  ('27', '27', '27', '1985-06-22 10:20:54'),
  ('28', '28', '28', '1984-02-09 04:59:11'),
  ('29', '29', '29', '2016-07-13 23:09:54'),
  ('30', '30', '30', '1993-01-20 23:25:45'),
  ('31', '31', '31', '2014-08-28 22:08:41'),
  ('32', '32', '32', '2008-03-24 21:55:28'),
  ('33', '33', '33', '1970-12-30 04:12:32'),
  ('34', '34', '34', '1972-07-13 05:47:51'),
  ('35', '35', '35', '2001-03-17 18:50:23'),
  ('36', '36', '36', '1980-10-12 10:14:44'),
  ('37', '37', '37', '2002-04-30 20:49:58'),
  ('38', '38', '38', '2019-09-10 17:10:37'),
  ('39', '39', '39', '2019-09-16 23:53:40'),
  ('40', '40', '40', '1981-07-03 18:50:54'),
  ('41', '41', '41', '1998-08-02 18:05:52'),
  ('42', '42', '42', '2017-06-10 17:47:07'),
  ('43', '43', '43', '2000-04-18 19:57:12'),
  ('44', '44', '44', '1987-08-15 20:41:06'),
  ('45', '45', '45', '1981-06-02 04:53:29'),
  ('46', '46', '46', '1995-08-08 20:18:54'),
  ('47', '47', '47', '1980-04-10 17:15:09'),
  ('48', '48', '48', '1985-12-22 21:35:10'),
  ('49', '49', '49', '1986-10-26 20:20:17'),
  ('50', '50', '50', '1992-01-14 08:11:19'),
  ('51', '51', '51', '1988-02-20 00:56:37'),
  ('52', '52', '52', '2017-12-20 06:21:50'),
  ('53', '53', '53', '1977-12-11 19:01:13'),
  ('54', '54', '54', '2006-10-08 01:38:35'),
  ('55', '55', '55', '1981-11-12 07:12:20'),
  ('56', '56', '56', '2003-04-28 01:48:28'),
  ('57', '57', '57', '1974-12-08 10:50:34'),
  ('58', '58', '58', '1980-04-15 08:39:06'),
  ('59', '59', '59', '2004-04-29 19:05:27'),
  ('60', '60', '60', '1982-08-04 04:40:29'),
  ('61', '61', '61', '2018-12-19 23:45:54'),
  ('62', '62', '62', '2006-10-22 01:18:27'),
  ('63', '63', '63', '2013-12-30 08:56:30'),
  ('64', '64', '64', '2009-04-09 01:59:25'),
  ('65', '65', '65', '1974-11-09 09:55:49'),
  ('66', '66', '66', '2013-08-23 02:24:04'),
  ('67', '67', '67', '1983-06-17 15:22:11'),
  ('68', '68', '68', '1995-04-20 10:33:53'),
  ('69', '69', '69', '1997-11-11 00:02:16'),
  ('70', '70', '70', '2018-10-29 02:50:43'),
  ('71', '71', '71', '1995-12-21 15:45:41'),
  ('72', '72', '72', '2001-03-23 10:22:16'),
  ('73', '73', '73', '1986-10-26 11:07:54'),
  ('74', '74', '74', '1983-07-14 16:26:19'),
  ('75', '75', '75', '1974-09-03 21:02:05'),
  ('76', '76', '76', '1983-10-10 09:16:22'),
  ('77', '77', '77', '2004-09-17 18:24:39'),
  ('78', '78', '78', '1996-05-26 02:43:21'),
  ('79', '79', '79', '1988-05-17 17:06:42'),
  ('80', '80', '80', '1971-03-24 03:29:13'),
  ('81', '81', '81', '1972-08-11 22:53:48'),
  ('82', '82', '82', '2008-01-18 09:42:53'),
  ('83', '83', '83', '1975-09-30 04:13:52'),
  ('84', '84', '84', '1973-05-22 02:10:04'),
  ('85', '85', '85', '2018-08-16 06:36:20'),
  ('86', '86', '86', '2000-11-29 15:12:36'),
  ('87', '87', '87', '2019-05-12 02:25:07'),
  ('88', '88', '88', '1972-05-26 05:59:32'),
  ('89', '89', '89', '1978-06-12 20:36:58'),
  ('90', '90', '90', '1971-08-27 04:06:32'),
  ('91', '91', '91', '1989-10-08 10:58:27'),
  ('92', '92', '92', '1980-06-14 19:02:26'),
  ('93', '93', '93', '1978-08-16 05:45:48'),
  ('94', '94', '94', '2005-09-17 23:38:01'),
  ('95', '95', '95', '1987-03-26 20:24:36'),
  ('96', '96', '96', '1974-02-08 08:49:38'),
  ('97', '97', '97', '2019-03-06 04:26:53'),
  ('98', '98', '98', '2009-08-20 20:45:21'),
  ('99', '99', '99', '1998-03-28 09:31:43'),
  ('100', '100', '100', '2006-09-01 07:33:32');

#
# 9 TABLE STRUCTURE FOR: comments
#

INSERT INTO `comments` (`id`, `user_id`, `media_id`, `body`, `created_at`) 
VALUES 
  ('1', '1', '3', 'Est dolores culpa laborum dolorem ex ipsam ullam. Minima aut ut in. Voluptatibus nam non unde odio dolor quae voluptas.', '1978-08-30 12:14:22'),
  ('2', '2', '2', 'Veniam est qui quos reprehenderit ratione non sit. Dolorem harum eos non tempore amet odit assumenda. Illum et quibusdam atque aut labore officiis. Ab sed ex officia et voluptatum nisi eos molestiae. Eos rerum autem provident distinctio magni.', '2002-12-13 19:42:36'),
  ('3', '3', '3', 'In sit mollitia molestiae sint. Qui incidunt quia fugiat temporibus magnam dolor.', '2012-12-25 13:14:27'),
  ('4', '4', '2', 'Et accusamus distinctio eum aut dolores. Rerum quia est soluta tempore nulla. Deserunt aut autem est. Ratione tempore nobis molestiae reprehenderit commodi expedita magnam officia.', '1985-08-08 22:27:45'),
  ('5', '5', '3', 'Temporibus quos reprehenderit enim ut. Eum dolorem nesciunt laborum aperiam porro iusto culpa. Quibusdam sunt incidunt id nihil enim minima minus. Molestiae vero sunt nihil architecto ut.', '2018-01-16 16:57:40'),
  ('6', '6', '3', 'Et voluptates dolor qui dolorem culpa qui dolores. Eos et perferendis possimus tenetur. Nobis natus sunt tempora.', '1975-07-26 23:56:23'),
  ('7', '7', '3', 'Omnis ut nobis sit tenetur incidunt et. Optio et maiores rem eaque dolorem quidem. Quisquam expedita saepe quaerat similique eius fuga. Molestias vitae et repudiandae ullam fugiat dolor labore.', '1983-01-21 03:19:42'),
  ('8', '8', '3', 'Distinctio illum nostrum eos omnis repudiandae voluptatem eligendi. Doloribus voluptas architecto quasi alias. Quia vero et perspiciatis et dolores soluta. Voluptatum officia iure doloribus quasi. Rem a quia id odit quo.', '2009-03-20 19:46:14'),
  ('9', '9', '3', 'Est voluptas est et aut natus labore. Corrupti repellat animi et molestiae temporibus qui. Rerum accusamus et eos consequuntur eum aspernatur. Consequatur debitis libero exercitationem dicta tenetur ab esse.', '2019-09-29 06:39:34'),
  ('10', '10', '3', 'Hic quas inventore sapiente aliquid iste quae vel perspiciatis. Omnis sapiente aspernatur totam eos est. Id labore quo doloribus nesciunt qui laudantium expedita. Rerum et veritatis et facere.', '1994-06-16 05:33:21'),
  ('11', '11', '3', 'Iusto aut eum sed impedit qui qui eveniet ut. Labore laboriosam rerum cupiditate itaque doloribus. Aperiam non vitae molestiae ut. Qui voluptas adipisci sint natus facere quae officia.', '2013-04-30 04:44:56'),
  ('12', '12', '2', 'Sit facere laborum quae repudiandae rerum. Debitis et dolores repellat est molestiae aliquam laboriosam. Quo quam ea quia dolorem inventore voluptatibus voluptas iste. Rerum deleniti ex ut aut rerum.', '1983-05-10 16:56:30'),
  ('13', '13', '2', 'Natus facilis aut distinctio eligendi. Enim quas ut voluptatem.', '1971-03-25 09:08:27'),
  ('14', '14', '1', 'Qui voluptatem molestiae cumque hic mollitia a sunt. Maiores officia possimus dolorem. Libero adipisci fugiat et voluptates iure assumenda. Et enim consectetur nam. Esse maxime et et aut porro neque quia.', '1998-01-01 01:03:32'),
  ('15', '15', '3', 'Minima repellendus qui atque molestias est. Omnis ut officia fugit expedita distinctio. Error sed optio eligendi voluptas. Et delectus et eius doloribus rerum incidunt similique et.', '1991-12-15 16:44:47'),
  ('16', '16', '2', 'Magnam autem dolorum facilis facere suscipit unde quis officiis. Culpa eos enim aut est. Quaerat maxime impedit quia sed. Sed id unde eius facilis ullam aut.', '1974-04-20 14:30:26'),
  ('17', '17', '3', 'In corporis doloremque fugiat et expedita nostrum molestias ex. Quae quas nesciunt est occaecati ut. Odit asperiores voluptas qui totam natus in praesentium error.', '2000-02-20 06:37:05'),
  ('18', '18', '1', 'Est facilis exercitationem laboriosam ad consectetur quae. Deserunt veritatis aut deserunt reiciendis reprehenderit est sequi. Maiores et eius excepturi dicta est repellat.', '1993-03-11 21:51:17'),
  ('19', '19', '2', 'Nam maxime sint et in qui. Et nesciunt ducimus aut qui repellat beatae aliquid. Consequatur vero sit in nisi omnis minima. Consequatur quidem sequi qui omnis dolorem minima libero.', '1983-12-30 01:57:42'),
  ('20', '20', '3', 'Odit odit error dolorum nam sed corrupti asperiores. Est sunt commodi molestiae nostrum nostrum praesentium.', '1991-11-10 04:52:41'),
  ('21', '21', '1', 'Expedita dolore iure aut dicta ea error vero. Aspernatur debitis in iste mollitia assumenda explicabo. Et at qui quas aut est saepe ea veritatis.', '2006-08-18 04:27:44'),
  ('22', '22', '2', 'Totam soluta voluptas doloribus aut eligendi maxime. Molestias placeat ipsum omnis incidunt quia doloremque neque. Qui rerum expedita quia et beatae deleniti.', '2000-01-02 11:54:06'),
  ('23', '23', '2', 'Dolor consequuntur accusantium suscipit dolor sint ut quod. Quia a veritatis repellat praesentium est animi suscipit.', '1983-10-29 01:34:07'),
  ('24', '24', '3', 'Quasi dolores ex exercitationem tempora accusamus ut. Praesentium qui dolorum et dicta architecto laudantium. Beatae aut voluptatem illum est quis cumque quaerat aperiam.', '2002-11-13 17:15:30'),
  ('25', '25', '2', 'Et culpa quas quis repellat. Rem odit provident autem sint. Sunt pariatur exercitationem alias aut perferendis ipsa rerum sit. Impedit quia et veritatis odio et quisquam velit.', '1974-10-27 08:28:21'),
  ('26', '26', '2', 'Ut sint nihil autem. Voluptas itaque voluptatem officiis similique. Velit sint sint ipsum eum. Id est velit possimus repellat sed et.', '1998-03-13 21:06:45'),
  ('27', '27', '3', 'Quia et fugiat qui. Voluptas similique occaecati aut. Quis consequatur doloribus alias dolores. Ut ab voluptatem autem voluptatem voluptatem eligendi.', '1984-04-26 05:18:13'),
  ('28', '28', '1', 'Quisquam sunt ea et quo pariatur. Vero sit dignissimos cupiditate sint. Praesentium minus sed possimus architecto fugit corrupti est iste. Totam voluptas inventore adipisci sit aspernatur beatae quam.', '1999-03-14 00:47:04'),
  ('29', '29', '2', 'Magnam aperiam aut esse sint quae et nobis. Iste deserunt cum non aut. Nam quos similique doloremque sit quas cumque ut qui.', '2018-02-14 09:49:36'),
  ('30', '30', '1', 'Aut repellendus consequatur beatae. Reprehenderit ut id et quia dignissimos. Minus tempora et et autem architecto vel. Voluptatem in in earum ea.', '1979-12-20 11:28:16'),
  ('31', '31', '2', 'Iure animi iste et incidunt minus. Magni quisquam dolorem commodi. Iusto illum repudiandae repellat veniam commodi repellat excepturi. Porro consequuntur aut cumque ipsa est voluptas.', '1974-02-22 10:31:46'),
  ('32', '32', '2', 'Voluptates id ratione voluptates repellendus perspiciatis officiis. Ipsam aut perferendis nostrum possimus dolorem a. Magnam mollitia nulla itaque aliquam. Delectus velit itaque beatae dignissimos sint voluptas et inventore. Nulla sapiente totam est ullam velit.', '1980-04-25 22:33:51'),
  ('33', '33', '1', 'Numquam architecto qui fuga a aut. Quia rerum esse quisquam quod. Nam ipsam corporis aut provident commodi tenetur.', '2016-07-16 16:29:26'),
  ('34', '34', '3', 'Explicabo repellat labore reprehenderit natus quibusdam dolor eaque. In in mollitia placeat rerum earum vero est.', '2003-12-02 23:00:40'),
  ('35', '35', '2', 'Ipsa ad voluptatem quis quibusdam itaque repudiandae voluptatum omnis. Aut quia rerum maiores. Dolores et eius quibusdam quam.', '2015-04-24 03:09:20'),
  ('36', '36', '1', 'Asperiores exercitationem officia nemo nulla architecto nesciunt voluptas perferendis. Sed mollitia quos et inventore repellat quisquam. Officiis vel nihil quam enim.', '1987-04-07 09:32:24'),
  ('37', '37', '3', 'Inventore perferendis recusandae sapiente. Culpa ipsa incidunt vero rem reiciendis incidunt. Vel commodi rem sed facilis repudiandae ut velit.', '2010-07-26 13:19:52'),
  ('38', '38', '2', 'Est fuga qui velit a ad aliquam tempora. Dolor dolore provident sunt aspernatur et placeat. Corporis et accusantium dolorem nihil ad pariatur veritatis. Dolorem qui molestiae accusantium pariatur.', '2012-06-22 12:39:42'),
  ('39', '39', '3', 'Ut ut aliquam corporis. Eaque provident incidunt possimus aliquam sed est. Doloribus dicta repudiandae cupiditate impedit at similique optio. Rerum praesentium ipsam sed sed autem laudantium nostrum.', '2018-09-03 01:20:37'),
  ('40', '40', '3', 'Occaecati quidem quia nam quam doloremque. Rerum quasi similique reiciendis illum aliquam deserunt deleniti.', '2007-06-19 21:16:46'),
  ('41', '41', '2', 'Voluptatem sint sed necessitatibus et voluptates illum quis. Voluptatum veniam culpa maiores atque mollitia facere omnis. Ut autem suscipit sint maxime consequatur consequatur est.', '1975-05-28 03:06:36'),
  ('42', '42', '3', 'Architecto quis illum alias quos esse. Quae voluptas excepturi eius id. Explicabo et tenetur sit quam cum fugiat dolores perspiciatis. Quibusdam iste molestias rerum magni.', '1985-07-27 07:26:13'),
  ('43', '43', '2', 'Et natus ipsum quia. Ducimus sequi vel quasi dignissimos illum.', '2013-05-27 17:01:47'),
  ('44', '44', '2', 'Dolorem aliquam iusto blanditiis quis ut. Placeat sed doloribus laudantium rerum et. Temporibus ratione consequatur est adipisci velit.', '1999-05-12 23:40:19'),
  ('45', '45', '3', 'Enim quaerat et voluptates. Veritatis autem ut assumenda ut tempore quibusdam doloremque. Suscipit eum aliquid ut distinctio minima vitae rerum. Alias facere est voluptate iure a voluptas totam.', '1976-11-19 19:31:09'),
  ('46', '46', '2', 'Eveniet illum unde sit maxime non aspernatur quia. Iste omnis laboriosam a nesciunt. Perspiciatis dolor ad enim quia.', '1979-05-11 01:50:41'),
  ('47', '47', '1', 'Nemo aut enim et autem nam pariatur quisquam. Hic quisquam sint quia porro quia nobis. Soluta expedita molestias natus rem rerum dolores.', '1985-08-28 11:59:17'),
  ('48', '48', '3', 'Sint accusamus modi pariatur autem ab voluptas ut. Nisi illum non et debitis et architecto. Et assumenda aut quia provident temporibus sed sit.', '1975-09-03 18:10:43'),
  ('49', '49', '2', 'Consectetur eligendi sunt quia et corrupti. Quasi aut sed minima ex et omnis. Ex quia blanditiis earum ut accusamus labore.', '1972-03-30 02:46:50'),
  ('50', '50', '2', 'Rerum omnis illum in ratione. Commodi temporibus voluptatibus vel expedita.', '1993-12-07 07:50:15'),
  ('51', '51', '1', 'Vitae possimus eos amet. Architecto asperiores dicta qui. Ipsum voluptates sit nisi odio voluptas. Dolor modi rem voluptates sit doloremque.', '1987-07-16 18:29:10'),
  ('52', '52', '2', 'Dolore ullam enim vero est molestiae accusamus. Officia quisquam nisi vel dicta. Voluptatem rerum est autem. Quia quidem impedit temporibus nam reprehenderit ipsam magni. Non dolorem assumenda iure eum in ut voluptatem.', '1987-10-08 20:49:47'),
  ('53', '53', '2', 'Harum blanditiis reprehenderit et at doloremque aut maxime. Accusamus beatae animi nobis sequi. Ab cupiditate et ut dolorem architecto sed tenetur impedit. Explicabo nemo dolores autem totam ducimus consequatur maiores. Rerum eveniet aliquid consequatur fugiat ut.', '2018-06-14 08:43:08'),
  ('54', '54', '2', 'Consequatur laboriosam corrupti occaecati tempore sunt aspernatur. Ut temporibus doloremque sunt maxime quis ratione. Totam saepe ut perferendis exercitationem commodi quaerat sed. Et quae recusandae fugiat ipsa perferendis.', '2004-09-06 17:13:14'),
  ('55', '55', '1', 'Ullam sed sequi veritatis. Et laudantium saepe ut. Minima laudantium vitae vel animi.', '1978-07-05 12:56:26'),
  ('56', '56', '2', 'Nemo in aut ipsa aspernatur aliquid eum ex. Ipsa qui dolorem cum quaerat. Rerum nobis temporibus explicabo ex quia omnis qui et. Cupiditate rerum velit facere culpa voluptatem repudiandae aperiam.', '1984-04-17 21:39:41'),
  ('57', '57', '2', 'Vel iusto quaerat rerum aut. Saepe doloremque consequatur magnam laborum aut eum aliquam. Eos ex enim laboriosam molestiae quia quis. Molestias molestiae ab dolor itaque vero iste. Molestiae nemo nemo voluptas adipisci.', '2006-08-14 00:52:42'),
  ('58', '58', '3', 'Exercitationem autem laboriosam adipisci sequi iusto ut. Quod dolorem et atque aliquam nobis. Debitis excepturi enim aut odio itaque aut aspernatur. Dolores et amet voluptates assumenda et doloribus.', '2010-02-02 05:51:30'),
  ('59', '59', '3', 'Consequatur ut non aliquam et dolores aut expedita. Iure ducimus harum consequatur maxime omnis accusantium.', '2015-12-01 06:20:13'),
  ('60', '60', '3', 'Voluptatum sed ut quia eligendi dolores. Quod ab ducimus ea vero. Non porro commodi ipsa eum.', '2008-11-25 06:55:52'),
  ('61', '61', '2', 'Dignissimos sit et iste ut. Cum neque perspiciatis delectus qui et. Sed amet quidem enim sit vel.', '1983-01-18 14:58:19'),
  ('62', '62', '1', 'Vitae sed aperiam ipsa repellendus accusamus qui soluta et. Fugit illo delectus velit ut et nam repellat. Ipsa voluptas expedita qui quas corporis dolor est. Eveniet sunt rerum et voluptas.', '1987-11-13 06:13:37'),
  ('63', '63', '2', 'Deserunt cum voluptatem accusamus. Deleniti adipisci maiores quos delectus aut non. Optio sed aliquam voluptate eum fugiat iusto id.', '2018-01-25 03:01:56'),
  ('64', '64', '2', 'Qui veritatis sequi dolore voluptatibus beatae. Placeat et qui velit qui et sint. Laborum nobis laudantium laudantium voluptatem iusto et et.', '1977-09-08 22:24:23'),
  ('65', '65', '3', 'Voluptatem alias dolores consequatur iure vel dolor. Soluta aut quae doloribus sint vel quos quibusdam.', '1999-05-28 12:59:59'),
  ('66', '66', '1', 'Quibusdam magnam nihil consequuntur unde corrupti earum. Dolores autem dolores inventore voluptas quos. Provident nostrum nulla facilis magnam.', '1995-08-16 01:49:57'),
  ('67', '67', '2', 'Natus hic occaecati dolorem similique est. Fuga aut omnis eos architecto dolorem delectus. Unde autem facere qui ad rerum. Facilis odio omnis eum itaque.', '1985-04-09 14:05:04'),
  ('68', '68', '1', 'Quia ut consequatur est omnis aut. Qui vitae modi quidem pariatur nisi dolores iusto. Velit enim nihil veritatis optio labore exercitationem ut. Ex pariatur corrupti sapiente.', '2011-08-13 10:22:42'),
  ('69', '69', '1', 'Voluptatem est beatae ratione. Praesentium rem aspernatur provident facere. Aut et sit ab ea minima et.', '1988-05-11 20:23:20'),
  ('70', '70', '3', 'Nisi et hic iure quasi rerum. Dolore qui tempore expedita corporis velit consequuntur. Excepturi rerum eum voluptatem numquam non. Beatae sed modi odio adipisci aut aperiam mollitia.', '2013-12-31 12:16:27'),
  ('71', '71', '3', 'Debitis molestiae nesciunt rem mollitia qui facilis. Voluptatem ipsum aut nulla suscipit.', '2008-08-02 22:56:17'),
  ('72', '72', '3', 'Sunt optio animi consectetur ratione culpa fugit ipsa. Magnam omnis voluptatem asperiores aut eum culpa nesciunt est. In velit illo et.', '2019-08-24 15:06:28'),
  ('73', '73', '1', 'Laudantium quasi ab enim accusamus. Reprehenderit maxime quibusdam sed aut. Vel dolores blanditiis totam incidunt iste quam quia sunt.', '1992-03-15 11:02:40'),
  ('74', '74', '1', 'Aut nemo ullam officia quis quia adipisci dolorum. Temporibus et cum consequatur dolores. Voluptate aut qui ipsa ducimus et corrupti deleniti.', '1997-08-15 17:43:01'),
  ('75', '75', '2', 'Et veniam nisi et dicta et molestiae est libero. Qui nostrum corrupti totam ut veniam eius esse. Aut laudantium ut esse doloremque illo beatae ab. Quo natus ut eligendi praesentium.', '2017-02-24 03:42:15'),
  ('76', '76', '2', 'Consequatur commodi iste quod accusamus. Aspernatur et sed quo. Dolores dolore voluptatem sequi ab reiciendis.', '1990-08-28 16:48:11'),
  ('77', '77', '2', 'Qui tenetur eum unde dolores et. Quo adipisci ullam ut dolorem. Asperiores dolores corrupti ratione voluptatum.', '1999-03-08 08:07:59'),
  ('78', '78', '1', 'Non sed ullam mollitia natus fugiat iste repudiandae. Eos voluptatem dolorum asperiores. Voluptatum aspernatur et pariatur rerum ut culpa. Voluptas qui adipisci earum et sed.', '2006-11-16 03:40:43'),
  ('79', '79', '2', 'Ducimus molestias facilis sit esse. Molestias a sed exercitationem sit ut temporibus quo. Libero doloremque ratione quibusdam omnis aliquid quidem. Vitae est maiores molestiae laboriosam molestias.', '2004-03-01 00:04:25'),
  ('80', '80', '3', 'Eligendi ab et impedit deserunt occaecati. Nostrum est commodi dignissimos iusto voluptas dolores et. Aut nulla facilis consequatur dignissimos. Nostrum a et eius aut.', '1984-11-14 12:36:36'),
  ('81', '81', '1', 'Mollitia expedita voluptatum quis omnis consequuntur quia. Minus perspiciatis dolore non ut ipsam neque. Ratione cum in odio sunt.', '1980-04-06 10:46:57'),
  ('82', '82', '1', 'Est exercitationem iste aut nam. Sequi optio voluptatum similique non in et qui. Dolor accusamus corrupti voluptas ullam. Rerum pariatur unde delectus rerum repellendus accusamus.', '2010-04-12 06:30:11'),
  ('83', '83', '3', 'Et a ipsum sint officiis modi. Consectetur alias quia eveniet saepe. At fugit in ut nesciunt.', '2002-09-04 23:18:17'),
  ('84', '84', '3', 'Asperiores facilis dolorem qui. Delectus voluptatum quod neque eos rem est et. Numquam ex modi tempore praesentium pariatur quaerat perferendis odit.', '1995-11-03 12:39:28'),
  ('85', '85', '2', 'Quisquam velit voluptatem eum. Cumque enim ad dolores recusandae tenetur accusamus sed quisquam. Quo minus officiis modi molestias et ducimus sapiente.', '1998-05-02 13:38:01'),
  ('86', '86', '2', 'Accusantium ut et quae officia dolorem numquam. Animi dolores et consequatur ullam. Est quia iusto ullam similique amet asperiores temporibus.', '1982-05-06 10:26:55'),
  ('87', '87', '2', 'Enim consequatur dolores expedita occaecati vel et. Dolore repellendus velit omnis rem. Corporis sed vitae amet impedit cum. Natus nostrum error dolor laborum voluptatibus.', '1995-07-05 18:45:45'),
  ('88', '88', '1', 'Sit magnam possimus necessitatibus asperiores quia. Cum quae minima dicta voluptatem. Soluta ea illo nemo alias quia rerum.', '1996-01-08 05:18:01'),
  ('89', '89', '2', 'Pariatur odio occaecati repellat quas tenetur dolor. Magnam facilis voluptate molestiae a omnis et. Repudiandae doloremque quam et et modi placeat molestiae. Voluptatem at temporibus omnis voluptatem fuga libero aut pariatur.', '2000-06-25 14:27:31'),
  ('90', '90', '3', 'Sit dolor eos sed laboriosam. Optio architecto suscipit voluptatem debitis. Animi iure ut et consequatur illo iusto. Maiores temporibus magnam impedit voluptas.', '1971-02-23 13:16:15'),
  ('91', '91', '3', 'Vero totam eaque magni quasi mollitia illo ex. Doloribus reiciendis sed et impedit eum ab ut iste.', '2007-10-10 02:22:31'),
  ('92', '92', '3', 'Ipsa debitis sed qui. Ea perferendis est libero illum laudantium aut sed. Nesciunt ipsum laboriosam debitis neque blanditiis quia qui. Qui aperiam voluptas non ea cum illo.', '1970-03-31 13:55:19'),
  ('93', '93', '1', 'Accusamus exercitationem aut quis laborum corrupti aut quam. Inventore deserunt dignissimos laudantium in omnis. Animi corrupti magnam autem iste vero. Impedit voluptatem molestiae dolorem nobis assumenda qui dolores.', '2008-01-06 08:23:08'),
  ('94', '94', '1', 'Dolorem cum repudiandae dignissimos numquam qui qui. Velit dolore accusantium reprehenderit aut. Nulla molestiae quia tempora dignissimos numquam. Asperiores voluptas sit porro molestiae nam cupiditate similique.', '1978-08-26 11:24:34'),
  ('95', '95', '1', 'Eos ullam ea est esse. Molestias distinctio delectus beatae quia qui sed. Eius perferendis similique fugit aut est sequi quidem. Nobis cupiditate illo vel error est modi.', '1977-02-21 04:05:01'),
  ('96', '96', '1', 'Aliquid est sapiente eos quisquam. Tenetur deleniti quasi at ipsam. Et fugit ut aut. Delectus earum voluptatem dolorem temporibus. Sint quam eaque itaque aut architecto adipisci quis.', '1976-01-09 04:26:04'),
  ('97', '97', '3', 'Aut pariatur exercitationem autem veniam molestias nihil architecto. Nihil incidunt quia voluptatum excepturi harum omnis. Voluptatibus minima perspiciatis modi soluta nesciunt voluptates.', '2005-10-02 05:29:40'),
  ('98', '98', '3', 'Tenetur veniam et nobis est quod. Ut repellendus ab qui perferendis sint. Occaecati provident labore est facere cupiditate et.', '1998-02-02 01:36:51'),
  ('99', '99', '1', 'Expedita ab repellat officia fuga delectus velit. Voluptas ut voluptas aperiam non. Laudantium neque velit neque officia ab. Quos consequatur doloribus ipsam fugiat beatae. Et similique iure veritatis velit consequuntur dolores voluptatibus.', '2011-02-20 21:47:51'),
  ('100', '100', '3', 'Optio dolorum omnis vitae neque officiis ullam consequatur. Perspiciatis mollitia et et qui. Blanditiis laborum dolor omnis tempora.', '1975-11-30 16:42:32');

#
# 10 TABLE STRUCTURE FOR: photo_albums
#

INSERT INTO `photo_albums` (`id`, `name`, `user_id`) 
VALUES 
  ('1', 'repudiandae', '1'),
  ('2', 'recusandae', '2'),
  ('3', 'iure', '3'),
  ('4', 'hic', '4'),
  ('5', 'consequatur', '5'),
  ('6', 'id', '6'),
  ('7', 'qui', '7'),
  ('8', 'sed', '8'),
  ('9', 'assumenda', '9'),
  ('10', 'eos', '10'),
  ('11', 'dolor', '11'),
  ('12', 'magni', '12'),
  ('13', 'labore', '13'),
  ('14', 'eveniet', '14'),
  ('15', 'velit', '15'),
  ('16', 'molestias', '16'),
  ('17', 'a', '17'),
  ('18', 'sed', '18'),
  ('19', 'et', '19'),
  ('20', 'consequuntur', '20'),
  ('21', 'magni', '21'),
  ('22', 'aut', '22'),
  ('23', 'totam', '23'),
  ('24', 'quaerat', '24'),
  ('25', 'dicta', '25'),
  ('26', 'est', '26'),
  ('27', 'sapiente', '27'),
  ('28', 'ut', '28'),
  ('29', 'omnis', '29'),
  ('30', 'et', '30'),
  ('31', 'a', '31'),
  ('32', 'ut', '32'),
  ('33', 'dolor', '33'),
  ('34', 'quis', '34'),
  ('35', 'ipsa', '35'),
  ('36', 'accusantium', '36'),
  ('37', 'delectus', '37'),
  ('38', 'perferendis', '38'),
  ('39', 'nam', '39'),
  ('40', 'rerum', '40'),
  ('41', 'autem', '41'),
  ('42', 'amet', '42'),
  ('43', 'ducimus', '43'),
  ('44', 'quo', '44'),
  ('45', 'iste', '45'),
  ('46', 'quisquam', '46'),
  ('47', 'fugit', '47'),
  ('48', 'est', '48'),
  ('49', 'omnis', '49'),
  ('50', 'aspernatur', '50'),
  ('51', 'omnis', '51'),
  ('52', 'ut', '52'),
  ('53', 'voluptates', '53'),
  ('54', 'ratione', '54'),
  ('55', 'et', '55'),
  ('56', 'consequatur', '56'),
  ('57', 'maiores', '57'),
  ('58', 'eos', '58'),
  ('59', 'sint', '59'),
  ('60', 'facere', '60'),
  ('61', 'fugiat', '61'),
  ('62', 'temporibus', '62'),
  ('63', 'ad', '63'),
  ('64', 'aut', '64'),
  ('65', 'nesciunt', '65'),
  ('66', 'laboriosam', '66'),
  ('67', 'optio', '67'),
  ('68', 'et', '68'),
  ('69', 'minima', '69'),
  ('70', 'consequatur', '70'),
  ('71', 'aliquam', '71'),
  ('72', 'qui', '72'),
  ('73', 'voluptatem', '73'),
  ('74', 'eos', '74'),
  ('75', 'quis', '75'),
  ('76', 'est', '76'),
  ('77', 'sunt', '77'),
  ('78', 'nemo', '78'),
  ('79', 'voluptatem', '79'),
  ('80', 'a', '80'),
  ('81', 'voluptatem', '81'),
  ('82', 'nihil', '82'),
  ('83', 'dolorem', '83'),
  ('84', 'iure', '84'),
  ('85', 'sed', '85'),
  ('86', 'nostrum', '86'),
  ('87', 'molestias', '87'),
  ('88', 'corrupti', '88'),
  ('89', 'adipisci', '89'),
  ('90', 'facilis', '90'),
  ('91', 'autem', '91'),
  ('92', 'fugit', '92'),
  ('93', 'totam', '93'),
  ('94', 'rerum', '94'),
  ('95', 'ut', '95'),
  ('96', 'omnis', '96'),
  ('97', 'occaecati', '97'),
  ('98', 'ut', '98'),
  ('99', 'qui', '99'),
  ('100', 'non', '100');

#
# 11 TABLE STRUCTURE FOR: photos
#

INSERT INTO `photos` (`id`, `photo_album_id`, `media_id`) 
VALUES 
  ('1', '1', '1'),
  ('2', '2', '2'),
  ('3', '3', '3'),
  ('4', '4', '4'),
  ('5', '5', '5'),
  ('6', '6', '6'),
  ('7', '7', '7'),
  ('8', '8', '8'),
  ('9', '9', '9'),
  ('10', '10', '10'),
  ('11', '11', '11'),
  ('12', '12', '12'),
  ('13', '13', '13'),
  ('14', '14', '14'),
  ('15', '15', '15'),
  ('16', '16', '16'),
  ('17', '17', '17'),
  ('18', '18', '18'),
  ('19', '19', '19'),
  ('20', '20', '20'),
  ('21', '21', '21'),
  ('22', '22', '22'),
  ('23', '23', '23'),
  ('24', '24', '24'),
  ('25', '25', '25'),
  ('26', '26', '26'),
  ('27', '27', '27'),
  ('28', '28', '28'),
  ('29', '29', '29'),
  ('30', '30', '30'),
  ('31', '31', '31'),
  ('32', '32', '32'),
  ('33', '33', '33'),
  ('34', '34', '34'),
  ('35', '35', '35'),
  ('36', '36', '36'),
  ('37', '37', '37'),
  ('38', '38', '38'),
  ('39', '39', '39'),
  ('40', '40', '40'),
  ('41', '41', '41'),
  ('42', '42', '42'),
  ('43', '43', '43'),
  ('44', '44', '44'),
  ('45', '45', '45'),
  ('46', '46', '46'),
  ('47', '47', '47'),
  ('48', '48', '48'),
  ('49', '49', '49'),
  ('50', '50', '50'),
  ('51', '51', '51'),
  ('52', '52', '52'),
  ('53', '53', '53'),
  ('54', '54', '54'),
  ('55', '55', '55'),
  ('56', '56', '56'),
  ('57', '57', '57'),
  ('58', '58', '58'),
  ('59', '59', '59'),
  ('60', '60', '60'),
  ('61', '61', '61'),
  ('62', '62', '62'),
  ('63', '63', '63'),
  ('64', '64', '64'),
  ('65', '65', '65'),
  ('66', '66', '66'),
  ('67', '67', '67'),
  ('68', '68', '68'),
  ('69', '69', '69'),
  ('70', '70', '70'),
  ('71', '71', '71'),
  ('72', '72', '72'),
  ('73', '73', '73'),
  ('74', '74', '74'),
  ('75', '75', '75'),
  ('76', '76', '76'),
  ('77', '77', '77'),
  ('78', '78', '78'),
  ('79', '79', '79'),
  ('80', '80', '80'),
  ('81', '81', '81'),
  ('82', '82', '82'),
  ('83', '83', '83'),
  ('84', '84', '84'),
  ('85', '85', '85'),
  ('86', '86', '86'),
  ('87', '87', '87'),
  ('88', '88', '88'),
  ('89', '89', '89'),
  ('90', '90', '90'),
  ('91', '91', '91'),
  ('92', '92', '92'),
  ('93', '93', '93'),
  ('94', '94', '94'),
  ('95', '95', '95'),
  ('96', '96', '96'),
  ('97', '97', '97'),
  ('98', '98', '98'),
  ('99', '99', '99'),
  ('100', '100', '100');
  

#
# 12 TABLE STRUCTURE FOR: profiles
#

INSERT INTO `profiles` (`user_id`, `gender`, `birthday`, `photo_id`, `created_at`, `hometown`) 
VALUES 
  ('1', 'female', '1994-08-27', '1', '1984-06-06 11:48:10', 'Hawaii'),
  ('2', 'female', '1970-12-01', '2', '1993-03-27 17:58:00', 'Florida'),
  ('3', 'female', '2000-01-21', '3', '1980-08-30 05:47:36', 'Nevada'),
  ('4', 'male', '1971-05-21', '4', '1978-06-13 00:31:33', 'Montana'),
  ('5', 'female', '1984-08-18', '5', '2016-02-17 06:31:19', 'Kansas'),
  ('6', 'female', '2001-10-30', '6', '1979-05-14 10:56:44', 'NorthCarolina'),
  ('7', 'male', '2008-05-19', '7', '2010-11-03 14:58:55', 'Idaho'),
  ('8', 'female', '1976-10-02', '8', '1981-08-10 14:10:56', 'NorthDakota'),
  ('9', 'female', '1976-07-01', '9', '1988-12-20 12:19:03', 'Kansas'),
  ('10', 'female', '2007-06-20', '10', '1980-02-17 01:28:06', 'Missouri'),
  ('11', 'male', '1990-01-17', '11', '2019-06-12 06:56:45', 'Alabama'),
  ('12', 'female', '1992-05-24', '12', '2004-10-24 09:00:32', 'Washington'),
  ('13', 'male', '1999-04-13', '13', '1980-04-21 04:50:52', 'NorthCarolina'),
  ('14', 'female', '1994-09-27', '14', '2012-12-09 04:47:12', 'Delaware'),
  ('15', 'male', '2004-01-05', '15', '2018-07-22 04:18:37', 'Mississippi'),
  ('16', 'male', '1999-10-05', '16', '2003-09-27 22:28:18', 'NewMexico'),
  ('17', 'female', '1989-07-04', '17', '1985-01-07 05:44:15', 'SouthCarolina'),
  ('18', 'female', '2004-01-13', '18', '1989-04-14 14:42:36', 'District of Columbia'),
  ('19', 'female', '1970-08-29', '19', '2012-09-22 13:10:32', 'Kansas'),
  ('20', 'female', '2011-12-25', '20', '1997-04-06 11:58:41', 'Oregon'),
  ('21', 'male', '1984-11-09', '21', '1986-01-28 12:39:46', 'District of Columbia'),
  ('22', 'female', '2006-07-24', '22', '1996-09-07 03:25:07', 'Delaware'),
  ('23', 'male', '1998-04-16', '23', '2001-04-05 05:34:19', 'Delaware'),
  ('24', 'male', '2018-04-26', '24', '2020-05-24 14:12:36', 'Ohio'),
  ('25', 'male', '2014-04-11', '25', '2012-01-22 09:01:03', 'Tennessee'),
  ('26', 'male', '2020-05-14', '26', '1998-06-10 22:18:56', 'Delaware'),
  ('27', 'female', '1999-02-01', '27', '1975-07-17 11:55:04', 'Florida'),
  ('28', 'male', '1979-11-20', '28', '2010-11-08 01:31:32', 'Texas'),
  ('29', 'male', '2017-06-09', '29', '1970-05-07 22:28:59', 'Tennessee'),
  ('30', 'female', '1994-03-08', '30', '2003-08-30 13:14:21', 'NewJersey'),
  ('31', 'female', '2000-02-13', '31', '2004-09-25 09:35:10', 'Alaska'),
  ('32', 'male', '2005-07-26', '32', '2004-03-05 18:25:54', 'Missouri'),
  ('33', 'female', '1981-09-08', '33', '2000-07-19 04:53:53', 'Mississippi'),
  ('34', 'female', '2015-04-20', '34', '1970-11-13 02:36:23', 'Hawaii'),
  ('35', 'female', '1975-08-09', '35', '1970-01-17 14:12:15', 'Georgia'),
  ('36', 'female', '2014-12-24', '36', '2020-11-16 13:43:11', 'WestVirginia'),
  ('37', 'male', '1982-02-06', '37', '1982-12-03 00:33:15', 'Maine'),
  ('38', 'male', '2016-12-25', '38', '1988-08-07 09:50:02', 'Idaho'),
  ('39', 'male', '1995-04-05', '39', '2002-05-15 06:55:27', 'Mississippi'),
  ('40', 'male', '1991-01-14', '40', '1987-10-24 00:19:48', 'Pennsylvania'),
  ('41', 'female', '1977-07-21', '41', '1990-02-02 21:42:00', 'Montana'),
  ('42', 'female', '1975-07-16', '42', '2014-07-12 00:13:30', 'Mississippi'),
  ('43', 'male', '2017-08-05', '43', '2018-12-23 15:04:01', 'Virginia'),
  ('44', 'female', '1977-01-08', '44', '1994-09-21 01:48:49', 'Utah'),
  ('45', 'female', '2000-10-07', '45', '2003-05-29 05:48:45', 'Nevada'),
  ('46', 'female', '2003-08-01', '46', '2004-08-14 09:40:26', 'NorthCarolina'),
  ('47', 'female', '1983-04-05', '47', '2011-03-25 00:57:58', 'Vermont'),
  ('48', 'female', '1990-01-25', '48', '2009-12-15 02:31:58', 'Montana'),
  ('49', 'male', '1976-03-23', '49', '1997-04-07 20:14:56', 'Alaska'),
  ('50', 'male', '1990-09-15', '50', '1973-12-01 15:14:45', 'Wyoming'),
  ('51', 'female', '2013-03-14', '51', '1975-09-28 07:17:45', 'Hawaii'),
  ('52', 'female', '1985-08-17', '52', '1976-01-12 14:07:00', 'Kentucky'),
  ('53', 'female', '2020-01-22', '53', '1996-11-04 20:40:37', 'NorthDakota'),
  ('54', 'female', '1995-09-13', '54', '1984-11-03 02:37:06', 'Colorado'),
  ('55', 'male', '2001-05-14', '55', '1981-08-29 12:34:28', 'Virginia'),
  ('56', 'female', '2005-07-25', '56', '2002-05-13 15:31:53', 'Colorado'),
  ('57', 'female', '2011-10-22', '57', '1981-04-22 15:35:56', 'Oregon'),
  ('58', 'female', '1999-11-02', '58', '1994-06-17 18:30:05', 'Georgia'),
  ('59', 'male', '1984-02-21', '59', '1972-11-30 19:57:00', 'Wyoming'),
  ('60', 'male', '1989-02-09', '60', '2020-02-18 16:15:54', 'Michigan'),
  ('61', 'male', '1990-04-28', '61', '2000-07-05 02:32:25', 'WestVirginia'),
  ('62', 'male', '1976-03-16', '62', '1990-02-19 23:56:04', 'Wyoming'),
  ('63', 'male', '1996-01-04', '63', '1972-09-18 22:13:58', 'Kentucky'),
  ('64', 'male', '2005-07-17', '64', '1983-11-03 13:18:27', 'Indiana'),
  ('65', 'male', '2015-02-24', '65', '1998-01-12 21:28:12', 'NewHampshire'),
  ('66', 'male', '2015-04-20', '66', '2002-07-13 22:51:39', 'Kentucky'),
  ('67', 'female', '1997-09-03', '67', '2018-05-17 02:21:32', 'Hawaii'),
  ('68', 'female', '1988-09-17', '68', '1981-04-19 21:53:15', 'Minnesota'),
  ('69', 'male', '1980-02-15', '69', '1970-06-22 17:49:10', 'Wisconsin'),
  ('70', 'male', '1987-07-03', '70', '1980-01-30 10:27:52', 'RhodeIsland'),
  ('71', 'female', '1970-12-08', '71', '2007-12-28 17:41:34', 'Texas'),
  ('72', 'female', '1993-12-19', '72', '1997-01-03 18:09:35', 'Alaska'),
  ('73', 'female', '1995-11-29', '73', '2002-01-30 08:29:03', 'District of Columbia'),
  ('74', 'male', '1999-07-26', '74', '2000-07-27 18:45:49', 'Texas'),
  ('75', 'female', '2001-01-23', '75', '1984-12-19 14:55:12', 'SouthDakota'),
  ('76', 'female', '1988-03-22', '76', '2000-03-16 15:47:17', 'Illinois'),
  ('77', 'male', '2016-09-04', '77', '2000-01-13 21:58:34', 'Indiana'),
  ('78', 'male', '1977-01-18', '78', '1984-09-08 11:29:02', 'RhodeIsland'),
  ('79', 'female', '2015-04-04', '79', '2009-03-29 00:03:19', 'NorthDakota'),
  ('80', 'female', '2008-08-27', '80', '1992-06-18 06:15:51', 'NewMexico'),
  ('81', 'male', '1975-12-28', '81', '1981-09-25 17:41:32', 'Washington'),
  ('82', 'female', '1980-09-12', '82', '2014-03-28 17:29:47', 'Virginia'),
  ('83', 'male', '2011-03-28', '83', '1986-09-08 00:58:26', 'Massachusetts'),
  ('84', 'male', '2011-08-05', '84', '1996-09-16 22:32:49', 'Colorado'),
  ('85', 'female', '1978-08-24', '85', '2018-11-18 11:05:43', 'NewHampshire'),
  ('86', 'female', '1970-05-12', '86', '2002-10-10 12:12:58', 'Kentucky'),
  ('87', 'male', '2016-09-04', '87', '2003-12-10 18:49:24', 'SouthDakota'),
  ('88', 'female', '2015-10-13', '88', '1972-05-19 02:44:39', 'Texas'),
  ('89', 'female', '1998-10-13', '89', '1995-06-06 10:48:11', 'WestVirginia'),
  ('90', 'male', '2014-01-30', '90', '2017-08-11 13:54:39', 'NewMexico'),
  ('91', 'male', '1987-10-16', '91', '1977-02-06 17:43:39', 'Massachusetts'),
  ('92', 'male', '1984-10-24', '92', '1973-06-04 00:05:54', 'WestVirginia'),
  ('93', 'female', '2012-04-04', '93', '1984-11-11 21:37:10', 'Pennsylvania'),
  ('94', 'female', '1997-06-29', '94', '2007-07-09 00:23:31', 'Michigan'),
  ('95', 'female', '1988-10-22', '95', '2017-07-08 09:14:57', 'Louisiana'),
  ('96', 'female', '1992-04-18', '96', '1993-09-12 20:59:07', 'NewYork'),
  ('97', 'female', '1981-10-06', '97', '1983-04-29 16:55:20', 'SouthDakota'),
  ('98', 'male', '1988-03-10', '98', '2005-10-07 14:02:48', 'NewYork'),
  ('99', 'female', '2011-03-04', '99', '1991-02-10 16:44:48', 'Vermont'),
  ('100', 'female', '2007-10-11', '100', '1974-07-09 17:12:59', 'Illinois');

#
# 13 TABLE STRUCTURE FOR: video_albums
#

INSERT INTO `video_albums` (`id`, `name`, `user_id`) 
VALUES 
  ('1', 'et', '1'),
  ('2', 'praesentium', '2'),
  ('3', 'quo', '3'),
  ('4', 'at', '4'),
  ('5', 'itaque', '5'),
  ('6', 'ea', '6'),
  ('7', 'et', '7'),
  ('8', 'velit', '8'),
  ('9', 'minima', '9'),
  ('10', 'molestias', '10'),
  ('11', 'optio', '11'),
  ('12', 'repudiandae', '12'),
  ('13', 'sit', '13'),
  ('14', 'cum', '14'),
  ('15', 'ex', '15'),
  ('16', 'et', '16'),
  ('17', 'quod', '17'),
  ('18', 'assumenda', '18'),
  ('19', 'qui', '19'),
  ('20', 'sint', '20'),
  ('21', 'omnis', '21'),
  ('22', 'sunt', '22'),
  ('23', 'reiciendis', '23'),
  ('24', 'dolorem', '24'),
  ('25', 'earum', '25'),
  ('26', 'perferendis', '26'),
  ('27', 'et', '27'),
  ('28', 'corrupti', '28'),
  ('29', 'corporis', '29'),
  ('30', 'quia', '30'),
  ('31', 'cumque', '31'),
  ('32', 'architecto', '32'),
  ('33', 'corrupti', '33'),
  ('34', 'beatae', '34'),
  ('35', 'mollitia', '35'),
  ('36', 'velit', '36'),
  ('37', 'quas', '37'),
  ('38', 'eaque', '38'),
  ('39', 'atque', '39'),
  ('40', 'vel', '40'),
  ('41', 'vitae', '41'),
  ('42', 'ex', '42'),
  ('43', 'ea', '43'),
  ('44', 'id', '44'),
  ('45', 'deleniti', '45'),
  ('46', 'error', '46'),
  ('47', 'perferendis', '47'),
  ('48', 'quaerat', '48'),
  ('49', 'sit', '49'),
  ('50', 'velit', '50'),
  ('51', 'repellat', '51'),
  ('52', 'soluta', '52'),
  ('53', 'a', '53'),
  ('54', 'excepturi', '54'),
  ('55', 'tempore', '55'),
  ('56', 'quis', '56'),
  ('57', 'eum', '57'),
  ('58', 'commodi', '58'),
  ('59', 'ut', '59'),
  ('60', 'quos', '60'),
  ('61', 'nisi', '61'),
  ('62', 'necessitatibus', '62'),
  ('63', 'rerum', '63'),
  ('64', 'maiores', '64'),
  ('65', 'nesciunt', '65'),
  ('66', 'omnis', '66'),
  ('67', 'mollitia', '67'),
  ('68', 'voluptatem', '68'),
  ('69', 'aperiam', '69'),
  ('70', 'animi', '70'),
  ('71', 'labore', '71'),
  ('72', 'debitis', '72'),
  ('73', 'dolor', '73'),
  ('74', 'libero', '74'),
  ('75', 'laudantium', '75'),
  ('76', 'ut', '76'),
  ('77', 'ipsum', '77'),
  ('78', 'sed', '78'),
  ('79', 'sit', '79'),
  ('80', 'voluptatibus', '80'),
  ('81', 'delectus', '81'),
  ('82', 'commodi', '82'),
  ('83', 'dolorem', '83'),
  ('84', 'eveniet', '84'),
  ('85', 'ut', '85'),
  ('86', 'non', '86'),
  ('87', 'in', '87'),
  ('88', 'eius', '88'),
  ('89', 'voluptas', '89'),
  ('90', 'aperiam', '90'),
  ('91', 'aut', '91'),
  ('92', 'maxime', '92'),
  ('93', 'recusandae', '93'),
  ('94', 'pariatur', '94'),
  ('95', 'voluptatibus', '95'),
  ('96', 'voluptatem', '96'),
  ('97', 'illo', '97'),
  ('98', 'ex', '98'),
  ('99', 'inventore', '99'),
  ('100', 'inventore', '100');
  
#
# 14 TABLE STRUCTURE FOR: video
#

INSERT INTO `video` (`id`, `name`, `user_id`, `long`, `video_album_id`, `media_id`) 
VALUES 
  ('1', 'in', '1', '02:29:11', '1', '1'),
  ('2', 'magni', '2', '12:41:49', '2', '2'),
  ('3', 'animi', '3', '15:02:59', '3', '3'),
  ('4', 'culpa', '4', '16:04:05', '4', '4'),
  ('5', 'sapiente', '5', '20:21:37', '5', '5'),
  ('6', 'et', '6', '23:02:20', '6', '6'),
  ('7', 'fugiat', '7', '00:32:32', '7', '7'),
  ('8', 'ducimus', '8', '02:03:51', '8', '8'),
  ('9', 'sit', '9', '21:57:03', '9', '9'),
  ('10', 'et', '10', '22:40:40', '10', '10'),
  ('11', 'nobis', '11', '17:30:48', '11', '11'),
  ('12', 'officia', '12', '19:16:49', '12', '12'),
  ('13', 'eius', '13', '16:38:57', '13', '13'),
  ('14', 'et', '14', '13:48:59', '14', '14'),
  ('15', 'qui', '15', '10:25:30', '15', '15'),
  ('16', 'quam', '16', '12:04:58', '16', '16'),
  ('17', 'sed', '17', '04:16:13', '17', '17'),
  ('18', 'asperiores', '18', '02:52:07', '18', '18'),
  ('19', 'dignissimos', '19', '23:23:45', '19', '19'),
  ('20', 'accusantium', '20', '11:40:18', '20', '20'),
  ('21', 'eos', '21', '07:18:17', '21', '21'),
  ('22', 'mollitia', '22', '20:38:59', '22', '22'),
  ('23', 'et', '23', '14:37:54', '23', '23'),
  ('24', 'molestias', '24', '00:32:46', '24', '24'),
  ('25', 'voluptas', '25', '05:33:57', '25', '25'),
  ('26', 'qui', '26', '10:58:04', '26', '26'),
  ('27', 'soluta', '27', '11:55:24', '27', '27'),
  ('28', 'facere', '28', '15:55:08', '28', '28'),
  ('29', 'minima', '29', '09:44:03', '29', '29'),
  ('30', 'magnam', '30', '10:42:44', '30', '30'),
  ('31', 'commodi', '31', '12:42:59', '31', '31'),
  ('32', 'aut', '32', '08:38:29', '32', '32'),
  ('33', 'non', '33', '13:42:33', '33', '33'),
  ('34', 'ut', '34', '06:54:24', '34', '34'),
  ('35', 'et', '35', '02:13:02', '35', '35'),
  ('36', 'autem', '36', '21:43:30', '36', '36'),
  ('37', 'sint', '37', '08:23:50', '37', '37'),
  ('38', 'omnis', '38', '05:23:34', '38', '38'),
  ('39', 'eos', '39', '07:36:25', '39', '39'),
  ('40', 'et', '40', '12:15:55', '40', '40'),
  ('41', 'culpa', '41', '18:35:39', '41', '41'),
  ('42', 'ipsa', '42', '13:36:13', '42', '42'),
  ('43', 'voluptatem', '43', '17:26:33', '43', '43'),
  ('44', 'molestiae', '44', '00:16:15', '44', '44'),
  ('45', 'non', '45', '08:52:00', '45', '45'),
  ('46', 'quisquam', '46', '21:53:18', '46', '46'),
  ('47', 'quibusdam', '47', '20:51:54', '47', '47'),
  ('48', 'suscipit', '48', '23:55:17', '48', '48'),
  ('49', 'et', '49', '16:56:03', '49', '49'),
  ('50', 'dicta', '50', '17:36:13', '50', '50'),
  ('51', 'reprehenderit', '51', '08:03:30', '51', '51'),
  ('52', 'aspernatur', '52', '07:17:24', '52', '52'),
  ('53', 'voluptatibus', '53', '15:33:29', '53', '53'),
  ('54', 'laudantium', '54', '20:05:55', '54', '54'),
  ('55', 'nesciunt', '55', '08:55:43', '55', '55'),
  ('56', 'doloremque', '56', '05:30:55', '56', '56'),
  ('57', 'natus', '57', '14:54:56', '57', '57'),
  ('58', 'nobis', '58', '15:05:13', '58', '58'),
  ('59', 'rerum', '59', '20:40:47', '59', '59'),
  ('60', 'ipsam', '60', '22:24:04', '60', '60'),
  ('61', 'est', '61', '07:54:32', '61', '61'),
  ('62', 'voluptatibus', '62', '20:29:28', '62', '62'),
  ('63', 'dolorem', '63', '14:08:50', '63', '63'),
  ('64', 'sed', '64', '14:01:17', '64', '64'),
  ('65', 'autem', '65', '20:14:24', '65', '65'),
  ('66', 'qui', '66', '04:28:09', '66', '66'),
  ('67', 'tempora', '67', '08:20:13', '67', '67'),
  ('68', 'molestiae', '68', '04:56:59', '68', '68'),
  ('69', 'sed', '69', '04:41:38', '69', '69'),
  ('70', 'optio', '70', '08:52:38', '70', '70'),
  ('71', 'suscipit', '71', '18:37:28', '71', '71'),
  ('72', 'numquam', '72', '12:20:24', '72', '72'),
  ('73', 'cum', '73', '15:08:32', '73', '73'),
  ('74', 'sint', '74', '23:12:28', '74', '74'),
  ('75', 'earum', '75', '16:30:40', '75', '75'),
  ('76', 'omnis', '76', '16:25:28', '76', '76'),
  ('77', 'pariatur', '77', '09:02:10', '77', '77'),
  ('78', 'atque', '78', '00:30:42', '78', '78'),
  ('79', 'et', '79', '07:49:48', '79', '79'),
  ('80', 'dicta', '80', '15:40:35', '80', '80'),
  ('81', 'nostrum', '81', '08:39:36', '81', '81'),
  ('82', 'officiis', '82', '01:33:02', '82', '82'),
  ('83', 'architecto', '83', '07:13:15', '83', '83'),
  ('84', 'cupiditate', '84', '21:00:08', '84', '84'),
  ('85', 'sunt', '85', '17:46:37', '85', '85'),
  ('86', 'quis', '86', '08:02:01', '86', '86'),
  ('87', 'dolor', '87', '21:51:38', '87', '87'),
  ('88', 'occaecati', '88', '18:13:52', '88', '88'),
  ('89', 'voluptate', '89', '08:53:45', '89', '89'),
  ('90', 'facilis', '90', '04:34:19', '90', '90'),
  ('91', 'autem', '91', '04:20:06', '91', '91'),
  ('92', 'voluptatum', '92', '00:35:26', '92', '92'),
  ('93', 'est', '93', '07:01:51', '93', '93'),
  ('94', 'maiores', '94', '10:21:01', '94', '94'),
  ('95', 'quidem', '95', '21:23:58', '95', '95'),
  ('96', 'expedita', '96', '16:51:34', '96', '96'),
  ('97', 'placeat', '97', '17:09:51', '97', '97'),
  ('98', 'aut', '98', '18:31:59', '98', '98'),
  ('99', 'ut', '99', '21:30:14', '99', '99'),
  ('100', 'facilis', '100', '00:34:39', '100', '100');

#
# 15 TABLE STRUCTURE FOR: music_albums
#

INSERT INTO `music_albums` (`id`, `name`, `user_id`) 
VALUES 
  ('1', 'repellat', '1'),
  ('2', 'atque', '2'),
  ('3', 'aut', '3'),
  ('4', 'dolor', '4'),
  ('5', 'autem', '5'),
  ('6', 'voluptas', '6'),
  ('7', 'vero', '7'),
  ('8', 'recusandae', '8'),
  ('9', 'quo', '9'),
  ('10', 'exercitationem', '10'),
  ('11', 'laudantium', '11'),
  ('12', 'voluptatibus', '12'),
  ('13', 'nam', '13'),
  ('14', 'ipsam', '14'),
  ('15', 'dolorem', '15'),
  ('16', 'tenetur', '16'),
  ('17', 'porro', '17'),
  ('18', 'consequuntur', '18'),
  ('19', 'porro', '19'),
  ('20', 'ut', '20'),
  ('21', 'excepturi', '21'),
  ('22', 'alias', '22'),
  ('23', 'in', '23'),
  ('24', 'praesentium', '24'),
  ('25', 'voluptatem', '25'),
  ('26', 'quia', '26'),
  ('27', 'ut', '27'),
  ('28', 'vel', '28'),
  ('29', 'incidunt', '29'),
  ('30', 'totam', '30'),
  ('31', 'atque', '31'),
  ('32', 'et', '32'),
  ('33', 'ea', '33'),
  ('34', 'cum', '34'),
  ('35', 'rerum', '35'),
  ('36', 'tenetur', '36'),
  ('37', 'rerum', '37'),
  ('38', 'maiores', '38'),
  ('39', 'quia', '39'),
  ('40', 'est', '40'),
  ('41', 'dolorum', '41'),
  ('42', 'vitae', '42'),
  ('43', 'optio', '43'),
  ('44', 'in', '44'),
  ('45', 'natus', '45'),
  ('46', 'ipsa', '46'),
  ('47', 'ullam', '47'),
  ('48', 'quidem', '48'),
  ('49', 'aut', '49'),
  ('50', 'ut', '50'),
  ('51', 'omnis', '51'),
  ('52', 'voluptatem', '52'),
  ('53', 'minus', '53'),
  ('54', 'fuga', '54'),
  ('55', 'impedit', '55'),
  ('56', 'earum', '56'),
  ('57', 'nulla', '57'),
  ('58', 'voluptatum', '58'),
  ('59', 'nemo', '59'),
  ('60', 'dolorem', '60'),
  ('61', 'quae', '61'),
  ('62', 'nesciunt', '62'),
  ('63', 'quae', '63'),
  ('64', 'beatae', '64'),
  ('65', 'nam', '65'),
  ('66', 'eos', '66'),
  ('67', 'voluptates', '67'),
  ('68', 'fuga', '68'),
  ('69', 'et', '69'),
  ('70', 'hic', '70'),
  ('71', 'qui', '71'),
  ('72', 'non', '72'),
  ('73', 'culpa', '73'),
  ('74', 'quidem', '74'),
  ('75', 'voluptas', '75'),
  ('76', 'consectetur', '76'),
  ('77', 'dolor', '77'),
  ('78', 'magnam', '78'),
  ('79', 'ducimus', '79'),
  ('80', 'excepturi', '80'),
  ('81', 'nihil', '81'),
  ('82', 'cum', '82'),
  ('83', 'minima', '83'),
  ('84', 'iste', '84'),
  ('85', 'quas', '85'),
  ('86', 'aliquid', '86'),
  ('87', 'et', '87'),
  ('88', 'earum', '88'),
  ('89', 'et', '89'),
  ('90', 'libero', '90'),
  ('91', 'sed', '91'),
  ('92', 'nemo', '92'),
  ('93', 'qui', '93'),
  ('94', 'ratione', '94'),
  ('95', 'dolorum', '95'),
  ('96', 'molestiae', '96'),
  ('97', 'suscipit', '97'),
  ('98', 'dicta', '98'),
  ('99', 'doloribus', '99'),
  ('100', 'maxime', '100');

#
# 16 TABLE STRUCTURE FOR: musick
#

INSERT INTO `music` (`id`, `name`, `user_id`, `long`, `music_album_id`, `media_id`) 
VALUES 
  ('1', 'error', '1', '14:16:32', '1', '1'),
  ('2', 'eum', '2', '07:01:05', '2', '2'),
  ('3', 'dolores', '3', '03:05:13', '3', '3'),
  ('4', 'maxime', '4', '19:14:47', '4', '4'),
  ('5', 'dicta', '5', '23:55:36', '5', '5'),
  ('6', 'provident', '6', '20:50:32', '6', '6'),
  ('7', 'repellat', '7', '06:02:38', '7', '7'),
  ('8', 'a', '8', '08:22:52', '8', '8'),
  ('9', 'voluptatem', '9', '07:07:33', '9', '9'),
  ('10', 'laboriosam', '10', '01:42:58', '10', '10'),
  ('11', 'earum', '11', '23:51:13', '11', '11'),
  ('12', 'sed', '12', '21:18:55', '12', '12'),
  ('13', 'est', '13', '18:02:35', '13', '13'),
  ('14', 'accusantium', '14', '18:09:25', '14', '14'),
  ('15', 'reiciendis', '15', '02:17:04', '15', '15'),
  ('16', 'maxime', '16', '13:13:51', '16', '16'),
  ('17', 'quia', '17', '13:44:33', '17', '17'),
  ('18', 'consequatur', '18', '03:58:39', '18', '18'),
  ('19', 'ut', '19', '18:55:51', '19', '19'),
  ('20', 'eligendi', '20', '18:37:37', '20', '20'),
  ('21', 'aut', '21', '21:33:55', '21', '21'),
  ('22', 'quo', '22', '04:25:40', '22', '22'),
  ('23', 'omnis', '23', '22:45:58', '23', '23'),
  ('24', 'rerum', '24', '20:54:52', '24', '24'),
  ('25', 'ex', '25', '16:41:30', '25', '25'),
  ('26', 'asperiores', '26', '18:06:46', '26', '26'),
  ('27', 'rerum', '27', '17:53:02', '27', '27'),
  ('28', 'id', '28', '14:20:24', '28', '28'),
  ('29', 'est', '29', '07:58:53', '29', '29'),
  ('30', 'sequi', '30', '18:21:11', '30', '30'),
  ('31', 'molestias', '31', '21:00:27', '31', '31'),
  ('32', 'fugit', '32', '12:26:08', '32', '32'),
  ('33', 'sequi', '33', '13:49:56', '33', '33'),
  ('34', 'at', '34', '05:28:34', '34', '34'),
  ('35', 'laudantium', '35', '23:53:48', '35', '35'),
  ('36', 'quo', '36', '12:38:10', '36', '36'),
  ('37', 'et', '37', '02:05:09', '37', '37'),
  ('38', 'officiis', '38', '13:55:47', '38', '38'),
  ('39', 'esse', '39', '13:34:02', '39', '39'),
  ('40', 'dolores', '40', '18:09:50', '40', '40'),
  ('41', 'est', '41', '23:18:36', '41', '41'),
  ('42', 'labore', '42', '12:28:27', '42', '42'),
  ('43', 'sed', '43', '18:53:11', '43', '43'),
  ('44', 'dolorem', '44', '01:19:56', '44', '44'),
  ('45', 'ut', '45', '21:22:11', '45', '45'),
  ('46', 'ex', '46', '16:48:02', '46', '46'),
  ('47', 'harum', '47', '14:17:55', '47', '47'),
  ('48', 'cumque', '48', '21:16:44', '48', '48'),
  ('49', 'pariatur', '49', '17:05:19', '49', '49'),
  ('50', 'maxime', '50', '18:44:51', '50', '50'),
  ('51', 'omnis', '51', '18:00:14', '51', '51'),
  ('52', 'aperiam', '52', '12:40:58', '52', '52'),
  ('53', 'veritatis', '53', '05:17:39', '53', '53'),
  ('54', 'voluptas', '54', '19:20:39', '54', '54'),
  ('55', 'nam', '55', '01:18:37', '55', '55'),
  ('56', 'maxime', '56', '23:20:17', '56', '56'),
  ('57', 'alias', '57', '03:11:29', '57', '57'),
  ('58', 'qui', '58', '07:42:55', '58', '58'),
  ('59', 'aut', '59', '02:22:56', '59', '59'),
  ('60', 'quia', '60', '09:46:49', '60', '60'),
  ('61', 'nobis', '61', '05:28:21', '61', '61'),
  ('62', 'reprehenderit', '62', '18:10:56', '62', '62'),
  ('63', 'quos', '63', '01:53:38', '63', '63'),
  ('64', 'molestiae', '64', '12:02:24', '64', '64'),
  ('65', 'quia', '65', '01:11:56', '65', '65'),
  ('66', 'ut', '66', '23:59:27', '66', '66'),
  ('67', 'similique', '67', '17:13:01', '67', '67'),
  ('68', 'cupiditate', '68', '04:48:01', '68', '68'),
  ('69', 'inventore', '69', '15:15:31', '69', '69'),
  ('70', 'sed', '70', '12:26:25', '70', '70'),
  ('71', 'cum', '71', '16:46:16', '71', '71'),
  ('72', 'rerum', '72', '07:10:21', '72', '72'),
  ('73', 'et', '73', '03:27:24', '73', '73'),
  ('74', 'rem', '74', '22:10:03', '74', '74'),
  ('75', 'odio', '75', '00:57:58', '75', '75'),
  ('76', 'quasi', '76', '12:52:47', '76', '76'),
  ('77', 'porro', '77', '18:10:51', '77', '77'),
  ('78', 'autem', '78', '06:21:12', '78', '78'),
  ('79', 'quo', '79', '20:58:52', '79', '79'),
  ('80', 'perferendis', '80', '00:32:26', '80', '80'),
  ('81', 'est', '81', '16:38:10', '81', '81'),
  ('82', 'vel', '82', '01:23:46', '82', '82'),
  ('83', 'sit', '83', '05:27:56', '83', '83'),
  ('84', 'distinctio', '84', '09:41:43', '84', '84'),
  ('85', 'adipisci', '85', '22:52:32', '85', '85'),
  ('86', 'et', '86', '05:15:20', '86', '86'),
  ('87', 'temporibus', '87', '11:11:36', '87', '87'),
  ('88', 'beatae', '88', '13:27:09', '88', '88'),
  ('89', 'vero', '89', '09:29:10', '89', '89'),
  ('90', 'fuga', '90', '20:09:32', '90', '90'),
  ('91', 'pariatur', '91', '04:20:22', '91', '91'),
  ('92', 'sed', '92', '20:46:18', '92', '92'),
  ('93', 'enim', '93', '17:08:50', '93', '93'),
  ('94', 'vel', '94', '08:45:34', '94', '94'),
  ('95', 'consequatur', '95', '16:18:20', '95', '95'),
  ('96', 'magni', '96', '12:38:45', '96', '96'),
  ('97', 'consequatur', '97', '19:02:33', '97', '97'),
  ('98', 'suscipit', '98', '19:47:15', '98', '98'),
  ('99', 'sit', '99', '01:58:46', '99', '99'),
  ('100', 'id', '100', '21:14:55', '100', '100');

-- 2. Написать скрипт, возвращающий список имен (только firstname) пользователей без повторений в алфавитном порядке.
SELECT DISTINCT firstname FROM users ORDER BY firstname;

-- 3. Первые пять пользователей пометить как удаленные.
SELECT is_deleted FROM `users` LIMIT 5;
UPDATE users SET is_deleted = 1 LIMIT 5;

-- 4. Написать скрипт, удаляющий сообщения «из будущего» (дата больше сегодняшней).
SELECT `created_at` FROM `messages` WHERE created_at > NOW();
INSERT INTO `messages` (`from_user_id`, `to_user_id`, `body`, `created_at`) 
VALUES ('90', '1', 'Saepe eveniet quam dolores omnis aut. Atque dolore impedit et repellat incidunt voluptatibus et et. Autem eius consectetur vel. Maiores omnis fuga sed eaque excepturi eaque occaecati non.', '2022-07-03 12:52:35');

DELETE FROM messages WHERE created_at > NOW() AND id > 0;

-- 5. Написать название темы курсового проекта.
-- Создание БД для такого типа магазинов как Wildberries, Ozon.

/*select * from `users`;
select * from `profiles`;
select * from `messages`;  
select * from `friend_requests`;
select * from `communities`;
select * from `users_communities`;
select * from `media_types`;
select * from `media`;
select * from `likes`;
select * from `comments`;
select * from `photo_albums`;
select * from `photos`;
select * from `video_albums`;
select * from `video`;
select * from `music_albums`;
select * from `music`;
*/

/*TRUNCATE TABLE `users`;
TRUNCATE TABLE `profiles`;
TRUNCATE TABLE `messages`;
TRUNCATE TABLE `friend_requests`;
TRUNCATE TABLE `communities`;
TRUNCATE TABLE `users_communities`;
TRUNCATE TABLE `media_types`;
TRUNCATE TABLE `media`;
TRUNCATE TABLE `likes`;
TRUNCATE TABLE `comments`;
TRUNCATE TABLE `photo_albums`;
TRUNCATE TABLE `photos`;
TRUNCATE TABLE `video_albums`;
TRUNCATE TABLE `video`;
TRUNCATE TABLE `music_albums`;
TRUNCATE TABLE `musick`;
*/
